property_type,state,lat,lon,area_m2,price_usd
condo,Chihuahua,28.974293069733523,-106.10160489777903,269.7,
,chihuahua,28.855725586326862,-106.08957996939206,268.2,327355.13
apartment,CIUDAD DE MEXICO,19.163374389718726,-98.95058437174005,108.6,7215680.28
Townhouse,Sonora,29.13328754499975,-110.79135173748331,-282.8,18965969.11
Terreno,QUINTANA ROO,19.71764095885181,-88.40101320728986,81.1,11297383.16
,Puebla ,19.832804409377477,-98.15740906010988,76.2,120334.21
,Chiapas,17.433676057175017,-93.82178670698136,75.1,113975.81
Apartamento,nuevo leon,25.535721827472724,-99.97954081064995,310.0,468041.13
Land,Ciudad de Mexico ,20.067603389884894,-99.14532457251013,204.8,"$121,627.07"
,Veracruz ,18.6120359771844,-96.62710870881342,145.9,125412.34
Terreno,JALISCO,20.237292608672565,-103.11733939888086,48.4,47184.38
HOUSE,Yucatan,21.404179042678745,-89.68312739082768,186.6,269466.99
Departamento,CHIAPAS,16.152470056567296,-93.36344307258597,395.3,692801.96
condo,Guanajuato,21.634303779724224,-101.67647703161452,171.7,151941.79
Departamento,Jalisco ,21.36938749764815,-103.93182104573324,78.8,"$60,758.73"
apartment,Puebla,18.662825574954642,-98.06062781015788,353.1,138463.21
condo,GUANAJUATO,20.584021423766746,-101.17253964007924,278.1,405539.63
townhouse,Puebla,19.456107816089315,-97.95001812435962,59.0,80833.2
Terreno,Guanajuato,20.35989566844126,-101.65356183849246,393.9,118850.11
Villa,jalisco,20.77385129575187,-103.74864583958104,96.8,164496.17
House,Baja California,30.865323215864343,-115.07109463077472,346.7,220834.38
Villa,Puebla ,19.33691467289598,-98.34129130356142,,385307.18
Casa,Coahuila,26.776361334917254,-102.46060079649611,234.1,164801.17
,Baja California,31.302376774416246,-116.03041675000699,412.5,380842.54
Land,Puebla,19.662158470139268,-97.4135441442753,184.1,317043.49
house,Nuevo Leon,26.27556512988447,-99.2191957766618,169.8,113795.84
HOUSE,Guanajuato,,-101.18779814463312,133.7,135514.04
,Quintana Roo,18.719967289415276,-87.89011297506943,-54.3,464280.71
condo,CHIAPAS,16.51935386635374,-93.78395309913687,428.7,231856.39
Condo,Quintana Roo,999.99,-89.11766525905199,6702.7,6055205.95
villa,Yucatan ,20.597761813436627,-89.44110564787128,4976.3,
Townhouse,Baja California,31.137309951138107,-114.98244537283752,,268721.96
Condo,Baja California,31.15401164577132,-114.64946288343944,70.2,"$98,489.64"
house,nuevo leon,25.60145742539315,-100.02057695609152,248.0,332743.1
House,michoacan,19.461673741769633,-101.78140505232457,342.8,164257.59
Terreno,Veracruz ,19.27506594315141,-95.9576892171619,123.4,207292.4
Departamento,Veracruz ,18.4598835076924,-95.74432805400681,392.1,250286.35
Departamento,Veracruz,18.48288235056708,-96.12597543926991,73.2,45386.25
villa,Sonora,28.684905919109337,-109.5315847887715,285.8,478054.71
,Puebla,18.862252165831634,,314.4,396814.97
house,Veracruz,18.97435611254488,-95.608108835894,349.7,341632.82
Apartment,Guanajuato,20.267422611538947,-101.29686502074138,105.9,"$127,785.33"
apartment,chihuahua,28.063727774990294,-999.99,51.1,76953.98
Casa,Veracruz,19.09436700902467,-96.05442865677213,288.6,128433.42
House,OAXACA,17.779771180589755,-97.27988917299271,286.1,327706.68
apartment,NUEVO LEON,24.863137101272333,-99.9225780076677,358.3,481226.95
villa,Coahuila ,27.31186770548589,-102.06763139171484,6032.0,6303988.49
,Coahuila,26.671358460473968,-101.40933946213674,189.9,61967.72
HOUSE,Michoacan,19.24895025973655,-102.4476477242299,342.1,611635.78
land,sonora,29.287869052387162,-110.92258106995453,448.0,589470.77
condo,Quintana Roo,19.53381946256671,-88.49737544504194,303.0,"$451,287.99"
Villa,Sonora,29.88292607198585,-110.73141641289898,351.0,363000.02
Land,Veracruz,18.792464438038326,-96.38441496046208,,226595.07
House,BAJA CALIFORNIA,31.164918036584965,,396.0,"$356,865.90"
Land,Michoacan,,-101.62930600989073,352.5,244522.0
Casa,Ciudad de Mexico ,19.760176985535576,-99.60394483301229,61.0,98086.11
villa,Guanajuato,21.50806937849214,-101.77482835734462,387.5,535075.69
townhouse,Sonora,30.038847715538413,-111.0389591446672,,428272.47
land,Ciudad de Mexico,19.251105073185578,-99.67254815104221,390.7,514373.3
Land,Chiapas,17.338289634877125,-93.02032095219182,323.8,575925.95
Land,Coahuila,27.45961133060031,-102.27305947885468,260.4,427980.02
townhouse,Puebla,18.546376593516683,-98.04729584212016,64.0,101223.59
Apartment,Jalisco ,21.419057604600738,-103.00610796593472,137.6,82390.73
Apartment,Puebla,19.638730301644028,-98.93664491973315,345.1,138502.21
condo,Quintana Roo ,19.902193242176242,-88.28985103842618,347.1,163859.98
,GUANAJUATO,999.99,-101.48109816384937,169.0,258637.11
land,Veracruz,19.49022984415051,-96.68908402783252,438.0,"$509,342.44"
land,Guanajuato,21.113873883701665,-101.27682224031307,290.6,"$194,518.56"
,Ciudad de Mexico,20.1882643765499,-98.42666174426894,167.3,87636.16
Terreno,jalisco,20.896035502054016,-103.90324620091467,327.7,335482.67
house,Sonora,29.930124704223775,-110.39736715432936,244.8,218245.79
House,Veracruz,19.23121676114462,-96.60098004768614,403.5,707908.45
Apartment,Chiapas,17.433176863135287,-93.84275581706927,139.3,227772.13
apartment,chihuahua,28.361259624388882,-106.68775808389763,280.2,256760.94
,Nuevo Leon,26.189788444128915,-100.47287355409794,272.0,350031.87
house,Baja California ,30.702791308579418,-115.2885129049653,429.6,"$323,693.91"
House,GUANAJUATO,20.44151018510135,-101.16872547396905,208.2,"$335,015.36"
Departamento,OAXACA,16.286190803855547,-95.94832536241503,157.1,15550311.87
Apartment,Puebla,19.82286240310298,-97.7384701428801,435.4,761092.43
HOUSE,Chiapas,17.24796456408703,-92.77195187228,344.5,126753.51
townhouse,Chihuahua,28.99770107272101,-105.43274222259723,381.7,196750.67
Villa,Yucatan,,-88.70327484830612,182.5,327403.47
Land,Michoacan,19.423924059678754,-101.89393044339671,50.5,26046.84
Townhouse,Chihuahua ,28.699218409609635,-105.31597114052228,383.9,356239.28
,Michoacán,19.867049097595046,-102.11519958157012,-447.6,377871.48
land,Puebla,19.47215087987224,-98.99575988124232,154.0,107649.61
house,Quintana Roo,18.48414143412215,-89.2454451839887,38.0,"$14,755.80"
condo,Yucatan,21.01263687849544,-89.87538803422329,170.1,117292.65
Terreno,Sonora,28.997835986258394,-110.15249220052792,253.0,374536.09
,Michoacan,19.06594178193786,-999.99,292.0,216856.06
Casa,puebla,18.32661101947372,-98.20308861649082,,466796.43
Land,Jalisco,20.260803776566284,-103.35396194859955,3341.1,4400767.16
land,Guanajuato,20.417965853079533,-100.95551521406065,242.7,
land,Oaxaca,999.99,-97.1071035565407,362.6,450659.6
Townhouse,OAXACA,16.57136933195717,-96.51750198962668,438.9,558024.45
Apartment,COAHUILA,27.362916931744763,-101.68218009161605,419.6,413601.17
Villa,chiapas,17.110054910976313,-92.83846340955748,301.0,286596.51
HOUSE,Baja California,31.28054317365038,-114.95733950206908,323.0,"$193,886.41"
Condo,Michoacan ,18.830629461519997,,291.3,243553.11
Land,Chihuahua,28.623335099915074,-106.291665560889,442.9,"$720,319.13"
HOUSE,Sonora ,,-110.50477141496371,355.0,321583.54
townhouse,puebla,18.88460450885037,-97.91690694812786,343.2,107028.07
House,Guanajuato,21.52419813319012,-101.46802750421477,277.2,384749.81
Villa,michoacan,20.271568727396353,-101.9332045893274,307.9,228054.16
condo,guanajuato,20.83310633404326,-101.51225734691336,360.5,533896.95
Casa,baja california,30.76755852505087,-115.0577001447761,90.7,64329.48
Apartment,SONORA,28.816666462550895,-109.95421349561147,119.1,146242.0
villa,yucatan,999.99,-88.66270042060002,224.2,378045.47
Apartment,Yucatan ,20.376217042528086,-88.78236757172463,135.6,206754.98
house,SONORA,29.20745340976175,-110.4154925445276,290.2,365420.99
,Quintana Roo,18.81839649882121,-88.5020728099224,366.2,571549.76
house,OAXACA,16.319305967313955,-96.43145738658964,89.2,41871.03
land,Veracruz,18.98064234885407,-96.56673749313937,113.2,
villa,coahuila,26.591856384979973,-101.88519535737643,431.1,322385.2
Condo,NUEVO LEON,25.57227989182615,-100.22848005411825,282.4,320153.08
apartment,Veracruz,19.40986920649089,-96.91395655973464,214.9,351869.21
townhouse,Oaxaca,17.608640896146802,-96.90394942821223,348.6,621455.12
HOUSE,Chiapas,16.390419596136653,-93.2085293903824,322.0,443007.0
townhouse,NUEVO LEON,26.023370235536085,-100.63899749605491,447.0,158608.48
HOUSE,Oaxaca,17.431751495730854,-96.31483317682434,176.7,267702.09
Townhouse,Chihuahua,28.1943175632545,-105.68047915899824,74.3,29787.22
,Puebla ,19.242366838663926,-97.84471861844729,72.8,"$45,145.59"
apartment,SONORA,29.786730934124318,-110.96577754686652,193.8,312356.36
apartment,veracruz,19.03107219306427,-96.27910635605646,-166.6,243599.94
condo,Baja California,31.097285019507257,-115.8325086505906,36.1,42984.88
Terreno,CHIHUAHUA,29.096088371670056,-105.83897011500329,285.3,292945.84
Land,Sonora ,29.14350091722237,-110.1006930430754,291.5,238410.83
condo,Chihuahua,,-106.6586265914828,291.0,354596.02
HOUSE,Chihuahua,27.921756038377286,-106.75594145752007,200.5,350388.58
Casa,guanajuato,20.712292349140007,-101.63338731693648,319.7,17538871.26
House,Quintana Roo,18.62158687416665,-88.05434097871421,368.0,475012.74
Land,Sonora,29.231463153651777,-110.71927619163277,363.2,521528.0
Land,Quintana Roo ,19.955997636450963,-88.30106164310291,402.7,554726.85
,Nuevo Leon,26.380754841724137,-100.16730618914553,381.5,674391.29
condo,Oaxaca,17.085060075148807,-97.27903171862678,180.3,85160.73
villa,yucatan,21.4920097339276,-88.99693276713849,333.7,275104.43
Casa,BAJA CALIFORNIA,31.088557710197424,-116.0640236592225,343.6,218521.83
land,Baja California,30.78975067478842,-115.95710699077597,443.4,332821.79
land,Coahuila,26.977926045432405,-102.11859256199195,197.6,89709.47
Villa,Sonora,29.676588566565403,-110.50734276823489,210.2,304118.92
villa,Oaxaca,16.429561076931076,-96.74522621188096,241.1,313691.0
Land,Chihuahua ,28.22213721024362,-106.32564277847722,407.1,416445.08
townhouse,guanajuato,21.086574001929428,-101.7265883605424,367.0,280203.62
Condo,Baja California,31.283969520454256,-115.4713215960909,431.6,414708.15
townhouse,BAJA CALIFORNIA,30.79390695074255,-115.88856283199048,206.7,13570506.13
,Jalisco,20.730999805936925,-103.11338444255603,64.6,49187.58
condo,Michoacan,19.27122955089405,-101.11996360715501,242.8,
land,CDMX,19.861816518055022,-98.47359555388459,97.3,55295.6
Departamento,PUEBLA,19.714061114654964,-98.61244810266193,171.4,"$303,721.09"
Apartamento,Puebla,999.99,-98.99201223057705,232.2,"$199,018.15"
,CDMX,20.150274966352626,-98.69956420992885,272.4,94094.82
,Chiapas,16.08540451292712,-93.40349505762647,431.0,703029.11
condo,CHIAPAS,16.83636337548667,-93.46415573196786,336.1,"$267,628.50"
apartment,MICHOACAN,20.00846516691894,-101.94504042406822,96.3,65865.0
House,OAXACA,17.17341494026657,-96.69507071970482,109.7,149508.0
House,Veracruz,19.051850106464077,-95.84181848394458,423.8,582092.2
Villa,yucatan,20.598892740082377,-88.90619932552946,142.0,18165704.71
Casa,Guanajuato ,21.07284020386602,-101.48258471111748,241.4,427755.41
Condo,Veracruz ,19.508739417524044,-96.60665985104555,82.1,140286.07
townhouse,Chiapas,17.008788965198033,-93.78470993207819,93.3,130780.53
House,Yucatan,20.87497499939296,-89.07581065178631,200.0,188292.14
villa,Ciudad de Mexico,19.13017010856077,-99.86275205813584,173.3,78791.58
Terreno,Veracruz,18.89848265398428,-96.29286680539542,233.1,72318.15
house,Nuevo Leon,25.49582050614698,-100.04592626635781,280.4,115324.59
villa,Coahuila,27.226197254966586,-101.90526649579532,368.3,171726.37
apartment,chihuahua,28.463815846204906,-106.65759752740661,55.5,23732.83
Condo,Chihuahua,,-106.42441652932507,219.9,94791.28
Land,Oaxaca,17.776115104279416,-95.97906424910727,53.9,66269.34
Apartamento,Michoacan ,20.102681428361134,-101.91825446683995,226.6,197778.44
Casa,Chiapas,17.249247430331312,-93.3893787040017,-387.3,97759.75
,jalisco,21.352744793130103,,300.1,168758.09
Casa,Quintana Roo,19.930705728121318,-87.95934376378237,152.7,75722.61
Departamento,SONORA,29.221251929879468,,182.4,273576.12
HOUSE,Chihuahua ,28.765133820205367,-105.64111581976553,104.6,176097.02
Casa,OAXACA,17.210990003524074,-96.05871426958147,117.1,"$177,283.31"
apartment,Veracruz,19.397458414358237,-96.08014539034771,129.3,98501.03
Apartment,Baja California,30.783443771577836,-999.99,155.6,119665.84
,Oaxaca,16.939708152333665,-96.46360591721279,63.1,66948.57
condo,Oaxaca,17.338568553362652,-96.67833403213135,270.4,205434.37
,oaxaca,17.551880355735165,-97.17368396121132,371.8,489882.47
Apartamento,Michoacan ,19.235930467164458,-101.3685837024883,314.3,469551.31
Apartamento,baja california,30.894503303340496,-114.81782046063829,428.3,759802.9
,jalisco,19.87657643645533,-103.73561860735414,275.9,267255.45
HOUSE,Nuevo Leon,26.20412916946975,-99.63218709862497,201.2,119106.97
villa,Jalisco ,,-102.95721765654834,49.9,76789.27
villa,Baja California,,-114.85396516323752,227.1,11243773.42
Casa,Jalisco,20.701221738892098,-103.4185150808412,306.7,307999.15
House,Coahuila ,27.613415813092356,-100.99449902207857,206.1,133377.63
condo,SONORA,29.580164073400173,-110.60980406572743,75.7,121485.59
Casa,Quintana Roo,19.897617232320243,-89.04914530595427,185.8,311381.59
land,Michoacán,20.25046749009814,-100.99279623264111,7956.4,11140666.27
apartment,oaxaca,16.483022666397957,-96.60517163326726,147.0,139404.23
House,PUEBLA,18.45561296899936,-98.24287402079274,152.6,139319.23
,Nuevo Leon,25.086588356456613,-99.80918412281575,313.5,119626.1
Land,VERACRUZ,19.461772360194526,-96.91934088382646,445.1,"$221,776.74"
Townhouse,yucatan,20.03706068849732,-88.64657800039528,229.5,132183.9
,guanajuato,21.114720016852534,-999.99,101.1,69515.88
Departamento,Sonora,28.685065193351644,-109.66509138263898,125.9,66699.09
house,sonora,29.34597230185429,-110.52898895087442,164.3,281299.86
Apartamento,BAJA CALIFORNIA,31.62221322243992,-115.15955815505556,92.3,44177.42
House,Nuevo Leon,24.853485105787268,-99.3283661254196,349.9,427935.53
Apartamento,Baja California,31.185757103408342,-115.30387211728083,308.9,357803.61
house,QUINTANA ROO,,-89.20382106219219,183.2,282480.3
Casa,puebla,18.32789915302812,-97.63951636735464,204.8,339953.95
condo,PUEBLA,19.17969946081989,-97.78514139019815,163.7,283224.24
Condo,jalisco,21.31334687744394,,75.0,90201.6
,chiapas,16.88184834468382,-92.96394325777958,80.2,43468.63
Casa,Coahuila,26.262804414973726,-101.34511842781835,308.9,299577.73
Departamento,JALISCO,20.598969198201985,,379.6,188309.26
Apartment,Nuevo Leon,25.804458327602838,-99.34874023900822,288.7,114306.85
apartment,Coahuila,27.31585706385159,-101.74841971621127,197.3,220697.16
Townhouse,Quintana Roo,18.909484457564574,-88.67135636041415,306.7,210393.17
Land,baja california,31.58791311387528,-114.83115361370973,334.4,185848.85
Villa,Guanajuato ,20.93051337564653,-101.67961977883041,187.4,"$237,480.82"
Apartamento,Coahuila,27.100771805723543,-101.92297623614598,309.8,249339.93
Terreno,Guanajuato,21.53828662993217,-101.7524739775087,54.3,"$71,035.95"
Villa,Ciudad de Mexico,18.788897259772877,-99.56176959296853,289.8,508129.75
Townhouse,Chiapas,16.755785144462337,-92.91586233655414,331.8,136352.45
townhouse,Michoacan,19.324914135943224,-102.39673389750396,216.8,163418.57
Departamento,Guanajuato,20.40132795312826,-100.98427771484093,165.1,"$146,743.52"
townhouse,Nuevo León,24.956533157343273,-99.99086163410341,54.0,53130.03
Land,Sonora,28.66602269103865,-110.10910112017913,311.1,171171.57
land,Sonora,29.53259111091221,-110.50868134062772,323.9,119995.18
,Veracruz,18.83567249622594,-95.68501568411206,240.6,278872.5
House,Sonora,28.83952460336958,-110.46711136656285,60.8,53760.29
Departamento,Guanajuato,20.375780530769266,-100.91877532680402,60.8,61674.28
land,Baja California,30.09919323445905,-115.0487592019188,54.8,38898.41
villa,Michoacan,18.91466659025877,-101.69720849179107,98.9,101393.06
land,Chiapas,17.22355913258167,-92.62810434589632,341.6,372203.95
Land,Guanajuato,20.681135638478953,-101.75804227206017,394.2,404809.25
Condo,Baja California,31.107675798330177,-114.77967322813446,191.7,87768.0
HOUSE,Quintana Roo,19.756766779735646,-89.0227364303125,372.1,552187.51
villa,Quintana Roo,19.204501604599407,-88.62697524804061,228.3,238282.2
apartment,yucatan,21.202445106117718,-89.47629585935441,366.7,"$298,593.54"
Land,chiapas,16.339693382103412,-93.22540385077615,174.4,73399.0
,Yucatan,20.563256949488025,-89.38060679046949,205.8,266279.54
Apartment,Sonora ,29.79054587545733,-110.52042622320083,173.8,165363.16
apartment,Quintana Roo,19.4219305491998,-88.02912712062258,429.1,141848.0
Apartment,Yucatán,20.47423867094437,-89.46652743626159,61.3,63098.56
house,Coahuila ,27.66312714741726,-101.10235209880071,,205950.97
Apartment,Jalisco,21.32803942569844,-103.12972135799136,416.0,333819.66
land,QUINTANA ROO,19.45423620182889,-88.04136837380916,78.1,105756.33
Apartamento,yucatan,21.019398466746313,-89.07698020882054,194.2,243381.63
Villa,Quintana Roo,18.937406379361768,-89.15644145341471,159.5,122819.7
Departamento,guanajuato,20.5912794093697,-100.48671886245788,369.3,217683.13
Departamento,Ciudad de Mexico,19.724682177229646,-99.41970078318867,195.1,141299.91
Villa,Chiapas ,17.49964923957239,-93.55036522441296,367.3,515332.66
Land,Guanajuato,21.569030518955095,-101.56403455981163,309.3,345237.27
land,Puebla,18.353358097802097,-97.94351970414196,386.9,290362.03
villa,CIUDAD DE MEXICO,19.20992627396364,-99.24903046808686,284.1,96197.0
house,veracruz,19.46695869209229,-95.70902544718423,205.1,91143.25
HOUSE,puebla,999.99,-999.99,235.6,275746.99
villa,yucatan,20.472068053484982,-88.33026219485312,337.1,603036.76
,QUINTANA ROO,18.688244115426645,-88.42104279374345,227.0,93768.55
Apartment,jalisco,20.957211430008947,-103.60812464519918,59.9,31799.57
land,Chiapas,17.32093362801352,,391.7,470979.93
Condo,SONORA,29.23227980747495,-110.93117813943486,156.7,255135.43
land,CIUDAD DE MEXICO,19.623874987271247,-98.42412938230744,303.8,302706.72
land,Veracruz,19.103415454354295,-96.83747980973918,413.8,133904.71
Departamento,puebla,18.96388786554445,-98.64071028101667,207.6,195174.31
villa,nuevo leon,25.598433358305492,-100.33337847783373,167.3,218961.88
HOUSE,Sonora ,29.348247166327337,-109.81029357122355,187.8,251620.94
Departamento,Sonora,29.094162248683794,-111.1083766100406,114.1,141487.47
Land,Veracruz,18.844602919148993,-95.41897525571575,398.6,463309.05
House,coahuila,27.156245122796854,-101.27890794903723,266.0,342274.66
Land,Jalisco ,19.920078080134033,-103.5805507947432,276.6,"$419,494.70"
Townhouse,Jalisco,20.34116859132911,,103.9,140669.91
Terreno,Sonora,28.58446082137881,-109.61259453595873,,"$353,021.71"
Land,chiapas,16.369186983474222,-93.30972705657003,426.8,272458.04
townhouse,NUEVO LEON,25.999297406599975,-100.71658001210727,211.0,194389.15
Villa,baja california,30.993820522598057,-115.25562502585547,159.6,
townhouse,nuevo leon,25.096036587628216,-100.44787856253733,60.3,22625.37
Townhouse,Chiapas,17.031258993246652,-92.40863179201061,127.5,145378.85
,coahuila,26.527972002577027,-101.69281957771096,278.1,488744.35
townhouse,Yucatan ,20.57995739217484,-89.0019633544488,440.4,702040.14
Terreno,Veracruz,18.730130437070077,-95.90489229628281,225.5,219219.35
house,Quintana Roo,18.757095341492686,-88.77974075478873,395.6,219427.0
condo,Chihuahua,29.37892338229457,-106.17691074162884,86.5,47314.26
apartment,Veracruz,19.40986920649089,-96.91395655973464,214.9,351869.21
Apartamento,Coahuila,27.616103191755265,-101.34295664169453,267.8,272501.62
Departamento,Coahuila,27.05221724091484,-100.91706308044257,217.7,134165.27
,Oaxaca,16.277156936227176,-96.2879835352997,225.3,"$188,651.37"
Departamento,Oaxaca ,17.460830423624504,-97.27936335614427,238.1,
,yucatan,999.99,-88.63385434893355,369.9,365296.8
Condo,Puebla,999.99,-98.70217396079633,250.8,333635.66
villa,Coahuila,26.717971355224165,-102.24986510381166,134.0,45768.54
Land,Oaxaca,16.342584059038675,-96.27343680643139,225.1,88067.7
,Puebla,18.564213802921195,-97.98958927937348,387.9,270650.49
Apartamento,Michoacan,19.99645998966051,-101.46312203132948,,462306.02
Townhouse,CDMX,18.632747754231886,-98.62859233734258,,462602.43
villa,Baja California,31.288076606362267,-115.51879573862955,249.9,"$100,691.15"
Land,Sonora,29.85440198240983,-110.55857977800312,319.6,230839.46
Apartment,Guanajuato,21.743825922807513,-101.22059141963454,104.3,153496.85
townhouse,Michoacan,19.726892706815928,-102.36577489709758,287.7,487947.11
Departamento,COAHUILA,27.441819543340486,-101.22849388603153,313.7,275125.98
house,NUEVO LEON,25.824973083353726,-100.62271125021132,289.8,278895.57
Townhouse,Chiapas,16.970800262584653,-92.65224281497444,177.6,178186.65
Casa,Baja California ,30.364137425230638,-115.88026117648965,91.6,90489.0
Departamento,MICHOACAN,19.378467390162196,-101.11540754350287,318.3,352978.91
,Nuevo Leon,26.230086449257968,-100.08402209161207,385.9,"$316,877.13"
villa,Veracruz,19.93845713893294,-96.6814942780625,232.4,333230.6
townhouse,QUINTANA ROO,18.926008109362844,-89.04923009413979,445.0,399643.34
Villa,oaxaca,16.70094890604493,-96.153773048086,74.5,110150.97
Apartment,Jalisco,19.905891107906662,-103.1415643567935,,215835.53
Terreno,Ciudad de Mexico,18.932732066231246,-99.35435302535733,350.4,393789.84
House,Ciudad de Mexico,18.772954481694413,-99.32037555836158,365.8,655195.69
apartment,GUANAJUATO,20.697163374411524,-999.99,272.1,314881.77
Casa,Puebla,18.51122321744957,-98.50515635082513,300.9,252524.01
HOUSE,Sonora,29.375975214109385,-110.3775750769931,125.6,179872.93
land,Ciudad de Mexico ,19.387423343324382,-99.32043284101216,390.9,653163.22
HOUSE,VERACRUZ,19.184380228847214,-95.46157250483473,363.1,596664.9
apartment,Chihuahua,28.551363577900872,-105.35060162715473,3391.8,4493077.45
Departamento,Yucatan,21.482620900012225,-88.60567990062526,406.2,446792.78
condo,GUANAJUATO,20.473755868663133,-101.15122839264022,95.7,16422085.67
Apartamento,chiapas,16.35614758275668,-93.76473020532514,203.6,108280.59
Apartamento,Quintana Roo,19.918638792699397,-89.12370919974774,113.6,76469.22
Villa,Oaxaca,16.673788643859208,-97.38047698139043,273.7,492484.46
apartment,Chihuahua,28.37428743494627,-105.91248262018722,62.4,82216.31
,Nuevo Leon,24.86475489762141,-100.73666059484047,132.4,116905.06
Apartment,Chihuahua,28.163887721933303,-106.09641840195299,324.2,243278.42
condo,Sonora,29.422887017126683,-109.96210854121155,284.2,300162.14
Apartamento,Michoacan,19.806495518945045,-102.25243605935069,306.7,263076.73
Casa,Coahuila,27.29246241268752,-102.36209470774357,278.0,311251.76
House,Sonora,30.091413695442025,-110.74932378986797,302.0,527724.09
Apartment,Chihuahua,28.8003615161228,-105.47229692790505,189.1,258518.89
Townhouse,yucatan,21.201272554651794,-89.45913104796584,-274.3,238494.93
Condo,coahuila,26.710234794159888,-102.45690441261243,294.5,267714.93
townhouse,Nuevo Leon,26.090027322040076,-99.27759897222715,266.6,318371.13
Townhouse,sonora,29.383779891705966,-109.64998223950894,158.4,140873.57
,QUINTANA ROO,18.958382649702067,-89.19575997667721,132.9,42873.75
House,Yucatan,20.87497499939296,-89.07581065178631,200.0,188292.14
townhouse,MICHOACAN,20.319140977635566,-102.22109149412405,80.0,111425.41
Casa,Baja California,31.38915450977825,-114.71062434682628,129.6,183459.88
Villa,MICHOACAN,19.79049961576655,-101.61568040996056,357.0,124289.68
Villa,Veracruz ,18.39072478266718,-96.92063813333883,253.0,209300.48
Villa,Oaxaca,999.99,-97.40414796841978,211.3,272848.07
Apartamento,CIUDAD DE MEXICO,18.918805726309785,-98.98869523953655,223.7,299215.78
House,Yucatan,21.367187177170553,-88.43162170096227,199.9,142788.82
Apartment,NUEVO LEON,26.15893895148159,-100.5961361428288,343.7,211670.13
land,Chiapas,16.209982329438933,-92.33170628471474,165.8,130481.48
Casa,Baja California,30.343097053896777,-116.04854141035325,250.6,292715.06
land,Sonora ,29.274784741306583,-111.02015997045059,88.3,99311.49
,Coahuila ,26.284116394424828,-100.95396741814349,304.2,290110.28
Townhouse,Coahuila ,27.051825137532692,-101.58094197211457,50.4,53929.69
Apartamento,Chiapas,16.13992311377489,-92.41278876445335,188.1,328347.76
house,Chiapas,17.376064990355598,-92.38461537052372,,"$439,888.13"
townhouse,YUCATAN,21.38335180405126,-89.63345337202051,380.1,432547.27
Apartamento,Yucatan,20.598885953515477,-88.5766436157762,159.7,214467.27
villa,Veracruz,19.689977484474017,-96.86762316436763,445.8,688808.29
villa,Nuevo Leon,25.3036897782927,-99.39089237693211,148.2,247220.86
villa,Jalisco,21.02752346227416,-103.31645144948237,319.9,370875.37
Land,Yucatan,20.24511124923438,-89.46713548472142,287.8,401104.0
,chihuahua,27.962198347086677,-106.33689288493356,59.1,36291.75
Condo,PUEBLA,18.868466817033088,-97.87881585011337,321.4,267866.48
house,Jalisco ,20.357496949262256,-103.3387275596215,,112526.45
Casa,Nuevo León,26.31426742492733,-99.79148196461061,275.5,447156.4
Condo,Quintana Roo ,19.669140988560873,-88.33896609787577,121.7,91856.97
,Chiapas,17.396245852561385,-92.88210456903815,396.6,646563.23
Casa,Veracruz,19.747403171918805,-96.85786511346815,124.4,"$193,872.12"
Apartment,CIUDAD DE MEXICO,19.47966823494664,,372.5,562196.2
apartment,Quintana Roo,19.740645491616064,-88.79792172992776,414.6,726246.23
apartment,Michoacan ,19.246430685178783,-102.25479160108794,107.2,68218.05
Apartamento,Michoacan ,19.235930467164458,-101.3685837024883,314.3,469551.31
HOUSE,Veracruz,19.427477221256716,-96.79819054385165,280.1,472790.73
,Baja California ,31.214271387271115,-115.08120978388236,387.6,588750.29
,Puebla,19.783149660287602,-97.45351336014063,206.3,293490.69
condo,JALISCO,20.785595572014792,-102.66338053054861,190.8,114001.98
Casa,BAJA CALIFORNIA,30.63169629671596,-116.01530649465816,184.9,19708846.73
Terreno,guanajuato,21.75264290729861,-101.508445663763,208.9,177067.19
,YUCATAN,21.309618881171208,-88.77807150857667,235.1,194140.11
Villa,Veracruz,19.409547392103345,-95.95971983257918,61.5,77544.87
townhouse,veracruz,19.8056814669138,-95.58070607015063,263.6,198816.85
apartment,Ciudad de Mexico,19.166290461768142,-99.72388854287728,218.4,"$249,273.09"
condo,Chiapas,16.379932793468047,-92.61795038485533,232.6,400625.04
house,sonora,29.40747446527473,-109.59471947959521,381.0,388110.38
Condo,Ciudad de Mexico,19.37641701499773,-98.65842791483492,290.4,106936.4
Casa,Chiapas,16.278799422288145,-93.47859727479914,245.3,75846.0
condo,chihuahua,29.324710984913906,-105.88412611824108,272.7,402518.06
Land,Michoacan,19.690799260629756,-102.00645612662036,248.6,
,Chiapas,16.79090168682388,-93.26750366968511,280.5,157837.29
Casa,QUINTANA ROO,18.53262127438701,-88.22472760077655,6267.3,"$7,954,893.53"
Condo,ciudad de mexico,18.919660569836342,-99.79057401596616,207.7,303001.91
townhouse,Coahuila,27.709667568729785,-101.79333822067728,221.8,345962.38
house,guanajuato,20.923750077017615,-101.76241812737587,233.3,"$210,217.57"
Land,Michoacán,19.573212434903347,-101.37439025484663,217.5,124251.84
land,Coahuila,26.8076247160908,-102.33181970914437,342.3,386068.34
,michoacan,20.343078126919117,-101.07160036289073,443.5,319497.37
Condo,Michoacan,,-101.60377282716036,91.3,34276.48
Casa,Chihuahua,28.230069550151843,-105.80558978048553,268.7,341280.01
Land,Guanajuato,21.580942221138255,-101.30454149172692,-426.9,446924.51
townhouse,Chihuahua,28.99770107272101,-105.43274222259723,381.7,196750.67
townhouse,CHIAPAS,16.713956851126447,-93.65867321447301,370.7,"$270,693.84"
house,Yucatán,21.240614610660995,-89.77153039812248,290.2,288478.39
Land,CDMX,20.12443605206056,-99.8949435904384,,180808.34
condo,Michoacan,19.619503303317156,-101.63276284920828,317.5,221152.49
Townhouse,Coahuila,,-101.8127217270091,40.5,40104.9
apartment,Quintana Roo,18.46292468793194,-87.83080529447744,76.6,77259.21
Casa,MICHOACAN,20.062205468316755,-101.46386007256223,-97.6,69680.9
Casa,Nuevo Leon,26.341092496731587,-99.90090337818712,244.1,"$394,671.90"
Villa,Nuevo León,25.966272486421424,-99.25144203001908,258.3,246253.34
Departamento,yucatan,21.248183347662597,-88.62533732808552,174.2,89165.18
Terreno,Chiapas,,-93.64023863858108,393.0,243435.68
Townhouse,Guanajuato,20.84159673692515,-100.51945776557793,337.2,"$379,137.54"
,yucatan,20.486390528110864,-89.00231361880488,205.9,271660.09
villa,Puebla,19.66471874226281,-98.47590947882516,417.1,137788.71
Terreno,Quintana Roo ,18.679310268977687,-999.99,377.9,285643.87
Departamento,guanajuato,21.377518620594195,-101.08975516626964,212.2,146309.79
house,Quintana Roo,999.99,-88.91132312708925,328.0,588039.26
Apartment,Michoacan ,19.629373742047136,-101.33891028945604,448.0,428803.26
house,Yucatan,20.449900876918193,-88.48687602239697,209.9,211046.11
Land,Veracruz ,19.39213642078562,-95.71551395042027,337.1,417045.17
,Guanajuato ,21.47533744911634,-100.80979606990765,213.2,
House,Puebla ,19.636866852649742,-97.63255079785955,226.0,337422.12
Apartamento,Yucatan,20.29668057749835,-89.69826494546567,56.0,89389.76
land,Coahuila,27.347863032081086,-102.45628717865264,42.9,22614.6
,nuevo leon,999.99,-99.35072150071922,156.7,81226.18
condo,Oaxaca,16.560875803356105,-96.71153613691182,182.5,220251.93
Land,Yucatan ,20.765302074496056,-88.3568191647999,353.1,
Apartamento,BAJA CALIFORNIA,30.499661946990283,-115.39597896001627,228.0,141485.88
Apartamento,Coahuila,26.875080667833576,-102.03984423792589,409.0,722809.17
house,Chihuahua,28.992763233140586,-106.55950366060523,65.9,"$92,432.61"
land,Jalisco,20.495013878795678,-102.96233387620089,67.3,63526.25
,SONORA,30.04670624133793,-110.11719282916013,275.1,237958.57
HOUSE,OAXACA,16.791849691207478,-97.49543721218268,380.1,147056.03
land,sonora,28.92515582539302,-110.0994691309517,393.1,464007.24
Departamento,chihuahua,28.809816070099544,-105.61764998757378,52.4,65232.19
townhouse,Nuevo Leon,25.841892817778852,-100.78732829097915,79.2,44655.34
Apartment,Jalisco ,21.171038407732652,-102.9284095472576,435.2,
Terreno,Michoacan,19.97568869691406,-101.76168741913094,416.7,409772.89
villa,yucatan,20.410575230192308,-89.82115528323025,41.7,49041.2
,Coahuila ,27.851762939839873,-101.56027060592784,338.0,226453.67
Apartment,Quintana Roo,18.725931076041984,-88.71446785782983,401.2,403559.17
land,Quintana Roo,19.658109261286825,-88.27148348979412,199.2,323629.5
Condo,NUEVO LEON,25.101415727165616,,147.0,207791.85
HOUSE,Michoacan,19.87170102182515,-101.65732747687443,324.7,377575.46
Terreno,Chiapas,15.982032479000043,-92.77505722822083,445.9,563334.16
townhouse,YUCATAN,21.38335180405126,-89.63345337202051,380.1,432547.27
townhouse,Chihuahua,28.05247568841172,,345.0,300257.35
Departamento,Baja California,31.03182524344693,-114.64361025465132,290.8,342054.92
condo,Ciudad de Mexico,20.16984624523912,-99.80502165561506,315.2,151242.39
,Veracruz,18.38531048392093,-95.88692620671489,185.3,236695.53
villa,Chiapas,16.952683769499018,-93.20423680795531,411.4,203223.49
Condo,OAXACA,17.57421196734812,-96.53980827769365,315.2,"$135,993.89"
HOUSE,Sonora,29.124001625437046,-110.09702836057461,134.3,88855.92
Departamento,Guanajuato,20.639504359585963,-100.67788059920396,83.7,51460.2
condo,sonora,29.493548038227367,-110.3886172950712,355.6,586976.45
apartment,Michoacan,20.180866369937352,-102.36710599975383,-432.7,"$99,087.78"
condo,YUCATAN,20.20092280609005,-88.49207597931242,128.2,215974.51
house,CIUDAD DE MEXICO,19.24767819836325,-98.83038190648584,257.2,205801.04
apartment,jalisco,999.99,-104.04149673816649,163.5,131901.15
Terreno,Baja California,31.478460870832066,-115.30731658693998,324.3,188074.57
HOUSE,Oaxaca,17.868823881168712,,336.8,206954.37
Apartamento,Ciudad de Mexico,19.89855127585467,-99.68676164857534,299.2,388621.96
house,Ciudad de Mexico,19.218766432150876,-98.96367420122809,121.6,"$198,773.56"
Villa,Chiapas,17.26426661618474,-93.45019399648004,90.7,41772.24
Apartment,jalisco,20.500944022849204,-102.60990411176039,388.0,494028.65
house,Puebla,19.346709018647953,-97.75185244312617,3539.1,5271782.39
,Michoacan,19.399135406720614,-101.64120887873388,340.4,544275.89
Casa,Sonora,29.49725390043023,-110.18080976313747,161.4,128849.79
villa,Jalisco,20.38468465172902,-103.96444382885954,164.5,158896.11
Apartment,oaxaca,16.549244020816545,-96.44885782029642,279.9,215461.03
HOUSE,YUCATAN,20.895853591127207,-88.31004530836587,53.6,32134.69
,Quintana Roo,18.92351063413934,-88.32716267209018,382.8,274765.23
land,oaxaca,17.167549521624387,-96.28048044840357,299.1,398857.86
villa,Ciudad de Mexico,19.289973778394454,-98.85101932449835,153.2,149123.65
Terreno,sonora,29.195168006382072,-110.87276650171268,216.8,256146.61
Terreno,Jalisco ,20.99755183725618,-999.99,159.0,89167.45
HOUSE,Guanajuato,21.45393601249008,-100.65868153916438,188.7,235894.52
Casa,Baja California,30.931157792952533,-115.8756935518154,172.2,91646.0
townhouse,Veracruz,19.834004542951714,-95.54137028826118,287.7,415371.54
Apartamento,Sonora,29.67610983743086,-110.24516949939033,331.5,"$557,512.60"
Land,Sonora ,28.79405486415544,-111.1009482294591,134.1,172644.92
apartment,Jalisco ,21.378117261219423,-102.83089426890947,300.4,112910.68
,Sonora,29.739104639525475,-999.99,7666.9,8227161.66
Condo,Jalisco,20.746982406465964,-103.86402280439668,273.1,387592.91
,Michoacan,18.825150094885757,-102.08981388569511,306.4,272312.24
Terreno,Nuevo Leon,26.192189023259353,-99.9630997770297,437.4,217843.16
villa,chiapas,17.435520929432133,-93.78584856299722,179.5,
Apartment,Jalisco ,20.507751691303927,-102.60368049434699,225.9,190383.78
villa,VERACRUZ,19.56336390545659,-95.50951102399883,59.2,64737.05
Terreno,chiapas,17.02826831376427,-92.74621272808476,82.4,"$64,936.73"
apartment,Quintana Roo,19.793168583909768,-88.83411929974835,121.2,46370.62
Departamento,Jalisco,21.080686928466704,-103.71313392065383,216.6,137120.15
,Guanajuato,20.467618061866766,-101.32041130185058,226.9,12816098.37
Casa,Puebla,19.2438173561844,-97.65845076010264,282.0,402501.51
,Nuevo Leon,25.799464679821046,-100.73349461561683,142.2,247052.24
Condo,Guanajuato ,21.672607004198085,-101.58163498797218,-271.0,"$480,852.21"
villa,Jalisco,20.522807838030367,-103.91248041393048,425.0,"$486,210.90"
House,PUEBLA,18.766619121916328,-97.62333529275153,301.2,533643.43
Apartment,Oaxaca,17.55629113207246,-97.17619273771504,348.6,"$460,599.13"
villa,Nuevo Leon ,25.23001901734424,-100.77178925201538,120.7,"$93,871.69"
HOUSE,Yucatan,20.69195878250651,-89.18053450782796,263.8,410599.6
,SONORA,29.988789224991937,-110.30732163103434,56.4,10496494.94
townhouse,chiapas,16.899805866577513,,340.5,323207.9
Land,Yucatan,,-89.7214446380566,339.0,551494.69
House,veracruz,18.77633825636302,-95.37792142663906,374.2,557178.63
Villa,Chiapas,17.451894272672266,-93.12029188498443,103.6,80906.49
Villa,jalisco,21.187408539547413,-103.26286753846219,131.7,195306.57
townhouse,Coahuila,27.83950993664743,-101.09619782416358,238.5,154771.01
villa,Guanajuato,21.571486280228157,-101.73865280142577,133.4,155039.87
land,Quintana Roo,18.622456246405047,-88.18260938122833,167.2,66318.42
townhouse,Puebla,18.97818617377318,-98.8840594790868,234.0,197461.57
HOUSE,Ciudad de Mexico,19.142547052730652,-98.4105405897054,190.8,213804.64
HOUSE,Sonora,29.20077861393258,-109.60053405148214,322.2,481990.68
villa,Sonora,28.6207225048492,-110.61139271353598,408.1,"$624,096.27"
Townhouse,Coahuila,26.65149227054991,-101.0114049942176,346.4,451110.73
townhouse,Nuevo Leon,25.964635579240028,-100.23271813066881,111.4,198903.06
apartment,Veracruz,18.778181268911318,-95.81121085623352,38.9,17562.17
condo,ciudad de mexico,19.85799072549862,-98.65645635799262,262.5,426101.31
Departamento,Veracruz,18.96473129541513,-95.4112851955561,85.2,30708.0
House,nuevo leon,25.65654473098104,-99.51857788230781,89.7,132993.46
apartment,Quintana Roo ,19.84271779869687,-88.3716119176344,242.2,"$306,208.08"
Terreno,Jalisco,20.288455249431383,-103.54160001106646,196.7,86013.1
Land,Oaxaca,17.776115104279416,-95.97906424910727,53.9,66269.34
Apartment,CIUDAD DE MEXICO,18.67052075657126,-99.7860939478769,381.7,479844.36
Land,Puebla,19.356933462711037,-98.11924003573313,192.3,107888.19
,Guanajuato ,20.931572757705943,-100.81777286155854,302.9,218367.85
Departamento,QUINTANA ROO,18.710758691042862,-87.87521943582776,317.0,540489.67
Apartment,Quintana Roo,18.61254465392606,-88.99885319130291,140.5,145493.07
Apartamento,CHIAPAS,17.454791295858794,-92.90715118745037,212.2,308712.97
villa,Coahuila,,-101.27868363454104,303.7,94965.65
Land,Jalisco,20.084911224009414,-102.60319966485959,441.7,665589.54
house,QUINTANA ROO,18.789693032972057,-88.75067921020144,189.0,10657519.62
apartment,Sonora,999.99,-109.65119470119437,306.3,15519452.17
condo,Nuevo León,25.756021867921554,-99.32253885373107,269.7,137807.27
,Nuevo Leon,25.398556990363065,-99.21970584995245,223.8,388511.53
Casa,Yucatán,21.506224360663445,-89.12186626481355,70.6,98502.96
Condo,Guanajuato,21.15514761214742,-101.97045703055277,287.9,247659.53
land,VERACRUZ,,-95.91710319251982,259.1,401175.8
Condo,Quintana Roo ,19.669140988560873,-88.33896609787577,121.7,91856.97
condo,Guanajuato,20.483969315886387,-101.93405883881401,112.6,"$154,932.43"
Land,Jalisco,20.042363902118524,-103.43056253116045,194.4,207521.94
Apartment,Ciudad de Mexico,19.212756270371273,-99.64477932339705,236.8,"$119,903.21"
HOUSE,Sonora,29.395389014661042,-110.7105134263633,200.8,360698.33
Land,Yucatan,,-88.73768795455841,-322.5,76747.93
Apartment,YUCATAN,21.451160264104782,-89.45188744208461,420.8,291051.06
townhouse,oaxaca,17.22784781992533,-96.66715672231287,345.5,281851.12
land,Michoacán,20.02068917574203,-101.70147326697847,89.1,137328.29
condo,Sonora,29.594869662877972,-999.99,65.4,"$44,332.17"
land,Chiapas,17.22355913258167,-92.62810434589632,341.6,372203.95
House,OAXACA,17.722864457601645,-96.68372145515106,118.3,83628.89
Apartamento,MICHOACAN,19.426171056566076,-102.21982293853087,205.9,288792.52
Townhouse,Guanajuato,21.711563609144417,-100.6660373068255,193.9,177643.94
Apartment,Oaxaca,16.382673195490483,-96.51674237303259,344.9,154399.55
Casa,Michoacan,18.89208011622205,,390.7,614186.61
condo,coahuila,27.40153693786571,-102.33562992832816,160.4,190202.95
House,Quintana Roo ,18.89472995704884,,438.5,213794.54
Apartment,Coahuila,26.89389131884528,-101.71418576428519,419.3,131618.59
,Coahuila,26.434138608561057,-101.50288633327506,61.4,110162.78
Apartamento,Ciudad de Mexico,19.690621309708337,-98.69629065473809,394.6,386753.56
House,Veracruz,19.23121676114462,-96.60098004768614,403.5,707908.45
Villa,Sonora,29.173383037045603,-110.68630585332538,77.4,64897.51
Departamento,Jalisco ,21.198400352968537,-103.34987324441983,273.6,
Townhouse,Jalisco,20.682349791693742,-103.70403637765672,335.2,390279.22
house,Puebla,19.30014122055354,-98.60857680823887,194.7,221474.43
apartment,Baja California,30.743886199546335,-114.66876387833888,104.1,174736.97
apartment,Puebla,19.20478550721683,-97.70481512255994,6208.0,7730415.85
Villa,chihuahua,27.85333282416737,-106.69874725464258,58.5,86480.45
Terreno,Coahuila,27.17734442430761,-101.71623355382509,66.1,109538.88
Townhouse,Nuevo Leon,25.276604177927574,-99.79902781009277,250.8,250557.41
apartment,NUEVO LEON,25.928031812676004,-100.75018474044252,390.6,"$249,929.96"
Villa,yucatan,,-89.66146347066069,438.8,331303.72
townhouse,Jalisco,20.18801099664944,-102.57661481296816,438.6,8472088.6
,Coahuila ,26.357952518303335,-101.25182815848422,183.9,225123.62
HOUSE,Chihuahua,29.33596915425538,-106.14671616136593,107.0,84676.66
apartment,Ciudad de Mexico,19.096908738423924,-99.51432085776942,188.4,
HOUSE,Chihuahua,28.26452630918302,-106.65708879280929,265.2,90006.99
House,Oaxaca,16.658356089820202,-96.65359801666823,344.0,336640.19
,Puebla,18.732317166876733,-97.90470249664166,428.7,380429.3
Apartment,Michoacan,19.23022349226005,-100.99638475882814,96.0,159390.83
land,jalisco,20.548671443205517,-102.55744293624947,77.6,57692.49
villa,Jalisco,20.792083223338274,-103.9233145910651,324.9,387463.34
Apartment,Ciudad de Mexico,19.47377671012008,-999.99,179.1,262176.6
Townhouse,Baja California,31.145716078248668,-115.94589296384983,99.9,148873.35
House,Ciudad de Mexico ,19.36291786740493,-98.46435028905421,376.8,"$472,173.62"
HOUSE,Chihuahua,29.04293012866009,-106.11629868279739,110.3,138115.13
Townhouse,Baja California,31.145716078248668,-115.94589296384983,99.9,148873.35
Townhouse,Yucatan,21.400089976847983,-89.38465194918511,384.7,408156.11
Townhouse,Yucatan,20.39511613233067,-89.11681913514164,7471.3,12205009.66
condo,YUCATAN,20.178519866802535,-88.47778759456779,300.2,291177.46
Apartamento,Chiapas,16.891582934178757,-93.19142625049173,313.8,338881.56
Villa,Nuevo Leon ,25.014344094335065,-100.31438997539989,215.4,"$221,075.14"
House,GUANAJUATO,20.2891626574568,-100.62014942575064,428.5,743196.53
,Oaxaca,16.858230551098355,-97.08570313139202,206.5,211394.39
apartment,Sonora,29.1408438570312,-110.10604033870024,-69.7,462043.93
condo,Michoacan ,20.063602985126238,-102.05730773550759,183.3,118988.0
Villa,oaxaca,17.48679011306933,-96.50443863673048,153.9,224567.9
,sonora,29.440539049537264,-109.91456736740307,380.5,320122.87
house,Chiapas,16.13502970906509,-92.74271920038426,77.5,86648.86
,Veracruz,18.851398657904472,-95.42782312587607,327.5,338472.76
HOUSE,Nuevo León,25.505440433271133,-100.37492645330738,-146.5,381072.87
apartment,Puebla,18.561520509008123,-98.517423939589,138.6,201165.57
House,jalisco,,-103.34103153903462,304.7,192162.39
Terreno,Ciudad de Mexico,19.524449270453434,-98.4652479768713,227.8,259324.77
Apartment,puebla,19.834497280371213,-97.44505694549024,415.6,472125.94
Terreno,Veracruz,18.874616505381766,-95.50592510427256,351.9,555843.82
House,Coahuila,27.588859349425793,-101.04364159683513,99.3,69015.87
land,Michoacan,19.238758420033886,-102.25593900149408,410.8,463848.02
villa,Guanajuato,21.571486280228157,-101.73865280142577,133.4,155039.87
Condo,Sonora,28.964596780349773,-110.42447134387535,76.2,"$61,105.64"
Condo,guanajuato,21.514546433901995,-100.94275438989054,69.5,93111.91
land,michoacan,19.917775679206542,-101.44800789979335,221.4,354451.0
land,Yucatan,20.974732473946947,-88.56301540108375,402.4,460581.25
townhouse,Ciudad de Mexico,19.651396920889024,-98.80864775996943,302.6,534389.73
Townhouse,SONORA,29.66726909282694,-109.55717344299137,-227.9,"$447,159.43"
Terreno,Nuevo Leon,25.072310968100645,-99.82101314097834,241.5,156560.26
Land,PUEBLA,19.29799652079714,-97.94552938284775,79.8,129683.26
HOUSE,Guanajuato,21.398107146417633,-100.57500444830461,416.2,224962.35
Casa,Veracruz,19.39611444044491,-96.8112773111121,352.3,194012.98
House,Puebla,19.6741727601108,-97.64376212305177,160.4,198159.63
Apartamento,Chiapas,16.495722995142852,-92.70310783288441,102.3,149014.96
villa,Michoacan,19.5655670653405,-102.27418578143372,36.8,64893.18
townhouse,Veracruz ,19.335398498821352,-95.78031257782469,46.1,74393.45
,Chiapas,16.129638927486766,-92.78935789616465,168.7,82542.78
Villa,Nuevo Leon,25.208849617157483,-100.29496862711713,438.9,369065.88
House,Veracruz,19.50521500991212,-95.86931474946805,221.1,"$243,312.69"
,GUANAJUATO,20.536225924274717,-100.93538215327465,213.0,92355.07
House,Yucatán,20.383164685142784,-88.85807568246184,161.5,256281.63
villa,Nuevo Leon,25.778041919651447,-99.54044110404706,271.6,324640.0
Departamento,Sonora,28.5943274915732,-111.10046854555601,146.2,"$238,848.53"
Departamento,Coahuila ,26.84944557521951,-999.99,186.3,
house,NUEVO LEON,24.906188593952386,-99.81497938637443,89.0,"$116,878.71"
Condo,Sonora,28.94954939697966,-109.75552922985517,144.8,171542.3
Casa,Quintana Roo,18.777534430904307,-88.82441955190706,,338503.58
Apartamento,Nuevo Leon ,26.13513068299426,-99.68762516965019,4583.1,2244391.13
House,Baja California,31.208858795364264,-114.546254218313,407.9,124531.6
Land,CHIHUAHUA,28.688473494710145,-106.79136086146923,,351079.88
villa,Baja California,30.113425121573147,-115.99655836761762,299.7,
Departamento,Ciudad de Mexico ,20.140249057638584,-99.85217967853559,335.6,293346.0
land,Ciudad de Mexico,19.34072590295773,-98.70095702226223,63.9,57668.24
Apartamento,QUINTANA ROO,18.435474962234014,-88.31987613937201,,
apartment,Coahuila,27.51272051541625,-102.10351844086004,141.6,170731.7
townhouse,Chiapas,17.08587248733128,-93.16985667077749,39.9,38831.91
,Coahuila,26.48096677998616,-101.57757137347154,349.2,342028.0
Townhouse,Puebla,18.964586756080582,-97.99249557863952,249.0,424421.54
land,yucatan,999.99,-89.18621016602927,308.7,502270.0
Terreno,michoacan,19.787182174357408,-101.21250643407795,422.9,164855.93
Condo,ciudad de mexico,18.79191958706593,-98.6789763810551,390.9,117666.33
,Sonora,28.858571604203874,-110.03643339924739,391.2,172226.1
Departamento,SONORA,29.73316941592196,-109.77043081745792,443.3,363863.14
House,Sonora,30.091413695442025,-110.74932378986797,302.0,527724.09
Townhouse,Puebla,18.858139012386957,-98.83258781775757,244.3,"$128,096.70"
,Puebla,18.35168230043639,-98.26214931533298,170.8,53281.7
Casa,ciudad de mexico,19.99579796011918,-98.87183195601465,216.7,"$350,558.47"
Villa,Chiapas,17.145583027409845,-92.63510616144154,110.7,138966.03
house,chiapas,16.976920060613278,-93.34790219095842,430.4,521369.07
townhouse,Coahuila ,27.696495080005104,-101.68826434165518,360.7,437710.43
Terreno,Chiapas,17.02089240786375,-93.68662205675594,129.7,119338.8
Land,Chiapas,17.0787817619077,-92.64894176984154,257.3,178829.81
house,sonora,29.164036364328613,-110.09801230171577,376.9,542449.53
Terreno,Sonora,28.88648826220281,-110.0685639654451,177.7,200016.05
Villa,Oaxaca,16.61020744769111,-96.97799153953079,244.7,14514266.71
,Jalisco,20.948172380702513,-103.00253125411095,3659.7,3378403.97
Land,Sonora,29.659457779343683,-109.5603893271629,413.2,476591.14
Villa,CDMX,19.782333478138895,-99.23694602349569,314.5,430973.68
Townhouse,Baja California,30.442845881921507,-115.89075058439632,257.4,148706.35
Apartment,Yucatan ,21.38831541102381,-88.84474471911855,378.6,432750.03
,Guanajuato,21.77897047270415,-101.19246534177235,437.4,247373.74
condo,Baja California,30.45568203633918,-999.99,328.8,192306.16
Townhouse,Chiapas,17.48754027192705,-93.15648829091933,-158.4,48758.26
Apartment,Veracruz,19.176671619623743,-96.49815623886022,426.8,316989.56
House,Yucatan ,20.1615959697618,-88.65697367478722,82.9,25189.39
land,Michoacan,20.197249512541525,-100.92898040306835,109.7,138472.94
,OAXACA,16.493512172525644,-96.93948008215388,,109303.06
Condo,Oaxaca,17.84964176022583,-96.09743812376576,306.3,9966418.69
villa,BAJA CALIFORNIA,30.235598569172343,-115.00120440674793,374.6,564493.64
House,Yucatán,20.383164685142784,-88.85807568246184,161.5,256281.63
townhouse,Baja California ,30.124438428577882,-114.89705110887336,232.6,"$248,848.72"
Apartment,Puebla ,19.18359406128466,-98.167959931199,175.9,97131.82
condo,Baja California,30.899115693230492,-115.3561423556258,277.6,"$474,817.54"
townhouse,Yucatan,20.30712109337159,-88.42893237619057,272.2,8347775.91
apartment,Quintana Roo,19.195049668986332,-88.0213702033706,4945.5,6200741.72
Land,Quintana Roo,18.74061418131791,,244.4,334012.96
HOUSE,Guanajuato,20.608831375189727,-101.12622271718146,297.4,159593.91
Villa,guanajuato,20.724883514034964,-100.85441681213696,449.4,184205.05
Casa,JALISCO,20.100793909915982,-103.3598727148868,366.8,365159.19
Land,Michoacán,19.573212434903347,-101.37439025484663,217.5,124251.84
apartment,Sonora,,-110.16721738509354,193.7,70075.5
villa,Sonora,28.681848403653802,-110.5673195160594,311.9,443460.38
apartment,Oaxaca,16.4043734487918,-96.47480293684397,143.2,110446.69
HOUSE,Baja California ,31.570013514206334,-115.97242778427292,355.1,369816.31
condo,Guanajuato,20.228433733734388,-101.49458591572508,430.7,612142.5
house,Yucatan ,21.20518548410007,-88.95995283504844,192.9,344889.44
apartment,chihuahua,28.288273970927108,-106.3489555413104,-220.5,314558.61
HOUSE,YUCATAN,999.99,-89.42173807839902,121.2,
condo,Veracruz,19.7609246962116,-95.56196457736013,198.1,"$135,361.84"
land,Michoacan ,,-102.25392702291617,64.4,62289.7
land,Chiapas,15.971935890327796,-92.64178707683976,100.6,82325.85
House,Ciudad de Mexico,19.163602750504133,-98.74917922399038,346.4,427652.62
Land,Quintana Roo,19.752537999220003,-87.84749256476094,,343596.28
HOUSE,Jalisco ,21.294248712974372,-103.92557897347872,180.9,268928.65
Apartamento,Nuevo Leon ,26.278226178007454,-100.29302449083735,347.2,"$311,592.57"
,Quintana Roo ,19.32973121469026,-87.98916363942499,46.7,80386.49
,Chiapas,16.79090168682388,-93.26750366968511,280.5,157837.29
Casa,Veracruz,19.499825800249397,-96.8092356445641,262.3,"$304,019.47"
Apartamento,guanajuato,21.451530052977372,-101.00247654657235,365.6,640845.89
House,Sonora,28.593113181800646,-110.53413381114296,54.8,26694.43
Land,Veracruz,19.40760334582995,-96.87157259807893,252.5,213576.35
Land,Ciudad de Mexico,,-99.06825929903951,347.7,316275.25
Villa,Puebla,18.806063266665713,-97.44188317663404,323.4,244524.77
