property_type,place_with_parent_names,lat-lon,area_m2,price_usd
Apartment,Mexico|Nuevo Leon|Apodaca,"26.272386538797807,-99.69333858664358",374.1,198546.39
condo,Mexico|Jalisco|Guadalajara,"21.179816414272228,-103.90928381708474",350.1,192501.01
Apartamento,Mexico|Baja California|Ensenada,"30.75686615263983,-114.61153555826392",314.5,
villa,Mexico|Quintana Roo|Cozumel,"18.402178035272414,-88.6815511701174",292.1,338234.86
land,Mexico|Puebla|Atlixco,"19.704376168280493,-98.6765463059634",291.3,143420.13
HOUSE,Mexico|Puebla|Puebla de Zaragoza,"18.975900448784394,-97.90542890349666",365.4,129193.79
apartment,Mexico|Quintana Roo|Playa del Carmen,"18.93073034081085,-87.88455182271785",376.7,671737.63
Condo,Mexico|Oaxaca|Huatulco,"17.649145240898292,-96.86048246601753",49.0,23459.96
HOUSE,Mexico|Coahuila|Monclova,"27.44369666449057,-101.197436163446",149.7,142291.93
condo,Mexico|Guanajuato|Leon,"21.191533406392164,-101.08404505385387",82.9,19833634.66
Departamento,Mexico|Guanajuato|Celaya,"20.252343348147757,-100.7263453634939",160.2,213031.66
Villa,Mexico|Coahuila|Saltillo,"26.781442343274858,-102.38900204248448",168.4,109986.33
Departamento,Mexico|Veracruz|Xalapa,"19.101422077325935,-96.51988457722186",74.4,107545.48
land,Mexico|Chihuahua|Delicias,"28.623738325197287,-106.11785688518665",286.0,
House,Mexico|Baja California|Mexicali,"31.094029430311735,-115.34105484294352",337.4,105047.3
Departamento,Mexico|Jalisco|Tlaquepaque,"20.5891260199878,-102.66140677363329",48.4,28775.63
townhouse,Mexico|Veracruz|Coatzacoalcos,"18.815789742364874,-95.35412126586559",179.9,224022.4
apartment,Mexico|Oaxaca|Oaxaca de Juarez,"16.518951145084138,-97.26485425248659",172.0,79969.46
House,Mexico|Jalisco|Zapopan,"20.02121430582017,-103.20523220288209",234.2,283295.31
Casa,Mexico|Veracruz|Xalapa,,,224168.89
townhouse,Mexico|Baja California|Ensenada,"30.095475702601433,-115.77074716462079",,226937.41
house,Mexico|Quintana Roo|Tulum,"18.998968135102725,-88.15103736587541",210.9,107693.7
Departamento,Mexico|Nuevo Leon|Apodaca,,359.9,370087.87
Villa,Mexico|Nuevo Leon|Apodaca,"25.80904785062231,-100.57882029266844",425.9,188238.91
,Mexico|Michoacan|Uruapan,"19.906247564280903,-100.98855942733745",95.3,164115.07
HOUSE,Mexico|Distrito Federal|Iztapalapa,"19.941857964747363,-98.68640819169683",3898.5,2315365.75
,,"24.973431913114563,-99.3241029514491",135.0,161342.7
apartment,Mexico|Michoacan|Morelia,"20.156941469363172,-102.19081237501076",94.7,142444.39
condo,Mexico|Yucatan|Progreso,"21.21180178598138,-89.03931137622996",50.6,80237.04
Departamento,Mexico|Guanajuato|Celaya,"20.940225900267116,-101.4165492655635",291.1,106150.9
Land,Mexico|Coahuila|Monclova,"26.281639159411807,-101.53709160452144",129.9,141359.24
apartment,Mexico|Michoacan|Morelia,"19.267960666578144,-102.12777107656473",310.6,527976.45
,Mexico|Veracruz,"19.891888694731886,-96.45768019775475",83.8,138084.51
Terreno,Mexico|Quintana Roo|Cancun,"19.016630704397816,-87.96509656252815",369.5,580407.92
Terreno,Mexico|Distrito Federal|Miguel Hidalgo,"19.932378495317327,-99.23181732708241",392.5,510057.28
apartment,Mexico|Quintana Roo|Playa del Carmen,"19.324631619999334,-89.01610082517504",441.6,381447.04
villa,Mexico|Michoacan|Uruapan,"18.93326601569083,-101.3584607486833",153.1,"$129,210.41"
Apartment,Mexico|Oaxaca|Puerto Escondido,"16.470979991777,-97.32018287168025",52.0,23437.53
Departamento,Mexico|Guanajuato|Irapuato,"21.34297608452332,-101.55963082608676",184.5,109023.37
condo,Mexico|Puebla|Atlixco,"18.289157231634164,-97.77282324842758",244.7,301786.51
Land,Mexico|Coahuila|Torreon,"27.574457541199955,-102.20927689869016",154.4,57362.14
,Mexico|Nuevo Leon|Guadalupe,"25.464599558933326,-100.7947836083624",203.7,7743314.76
condo,Mexico|DISTRITO FEDERAL|cuauhtemoc,"18.821929023011894,-98.54171686535685",,291173.98
Apartamento,Mexico|Oaxaca|Puerto Escondido,"17.33791155814797,-96.94255346397115",89.0,113095.0
,,"17.643718210400394,-97.0583238244034",37.1,62166.4
Land,Mexico|Veracruz|Veracruz,"18.82805794536892,-96.65262011607516",138.1,93406.4
condo,Mexico|Coahuila|Torreon,"26.571996952346254,-100.92540817488769",428.0,"$507,510.63"
Apartamento,Mexico|Quintana Roo|Tulum,"19.859675131094228,-88.35486150276321",270.4,232516.0
House,Mexico|Michoacan|Patzcuaro,"19.69549228314274,-101.77798233428265",162.1,"$76,845.47"
villa,Mexico|Michoacan|Patzcuaro,"19.11827833947921,-102.03393415972963",260.0,188645.92
Land,Mexico|Coahuila|Monclova,"26.92776086876253,-100.9798695877666",138.8,160868.57
land,Mexico|Veracruz|Coatzacoalcos,"19.956490543603167,-96.29592857866541",54.2,53136.59
Villa,Mexico|Veracruz|Xalapa,"18.605879535851525,-95.6133917471764",313.1,111791.54
condo,Mexico|Sonora,"29.582675809644208,-111.05395612662916",200.3,"$229,828.21"
condo,Mexico|Jalisco|Guadalajara,"20.33325810611409,-102.56380547750419",418.5,325869.08
Casa,Mexico|Nuevo Leon|San Pedro Garza Garcia,"25.19961511427065,-99.39540134943745",314.6,446803.63
,Mexico|Oaxaca|Huatulco,"17.39026746094921,-96.9645295648522",212.2,190813.18
Apartamento,Mexico|JALISCO|zapopan,"20.36869938354318,-103.64232543301992",120.6,14732580.9
apartment,Mexico|Chihuahua|Chihuahua,"28.739160882136694,-105.5008351781068",242.3,10549956.29
Apartamento,Mexico|VERACRUZ|coatzacoalcos,,136.3,198710.08
apartment,Mexico|Yucatan,"20.958191799232097,-89.88799512117365",,173161.0
condo,Mexico|Yucatan|Merida,"999.99,-999.99",124.8,133890.32
condo,Mexico|Quintana Roo|Playa del Carmen,"19.137179682184488,-87.99709313407938",445.4,505749.27
villa,Mexico|Guanajuato|Irapuato,"20.412485415556485,-101.27614629613065",328.3,
condo,Mexico|Coahuila|Monclova,"27.509065635203154,-101.96869598958419",139.3,222890.04
condo,Mexico|Michoacan|Morelia,"19.996171903479205,-102.39361519820403",194.8,104724.24
condo,Mexico|Jalisco|Zapopan,"20.703576235634202,-103.32083154911808",136.1,42022.59
townhouse,Mexico|Jalisco|Guadalajara,"21.459140048222697,-103.4815625605029",314.3,
House,Mexico|Yucatan|Progreso,"21.400382582821564,-88.85830385098927",55.3,29020.03
HOUSE,Mexico|Baja California|Mexicali,"31.355355225408196,-114.61077241508711",172.2,280547.0
Departamento,Mexico|Sonora|Hermosillo,"29.49228729355698,-110.11360849469675",419.6,315867.0
condo,Mexico|Baja California|Rosarito,"30.60302890481173,-115.73849791774956",141.3,120627.19
,Mexico|Guanajuato|Leon,"21.011427698777766,-100.6278008953247",246.0,186158.5
,Mexico|Chiapas|Tuxtla Gutierrez,"17.217523082259945,-92.51340861563378",415.7,
condo,Mexico|Chiapas|San Cristobal de las Casas,"17.36057695712672,-92.7421085125167",289.1,460097.59
townhouse,Mexico|Nuevo Leon|Apodaca,"25.913057307065312,-99.1979775737846",56.4,66417.93
Terreno,Mexico|Guanajuato|Irapuato,"21.361389139512845,-101.19939980715914",419.0,255123.77
house,Mexico|Oaxaca|Huatulco,"17.03994749760971,-96.7143920638756",42.9,63875.37
,Mexico|Chiapas|San Cristobal de las Casas,"16.3156061232054,-93.24011438924073",262.2,333015.38
Townhouse,Mexico|Jalisco|Guadalajara,"21.45648223128794,-103.2093434013533",42.8,57661.75
House,Mexico|Quintana Roo|Cozumel,"18.661029621653707,-88.06396884963631",266.0,
Departamento,Mexico|Guanajuato|Celaya,"999.99,-999.99",62.7,30967.63
Condo,Mexico|JALISCO|tlaquepaque,"21.080041963459735,-104.13044864863596",343.0,384182.65
house,Mexico|Quintana Roo|Playa del Carmen,"19.32942194037506,-88.78341726487069",153.4,128739.29
HOUSE,Mexico|Oaxaca|Oaxaca de Juarez,,231.6,97675.04
townhouse,Mexico|Quintana Roo|Cozumel,"19.26358027309313,-88.68222586765629",418.9,542690.65
,Mexico|Nuevo Leon|Monterrey,"26.28973102956241,-99.90363362229455",58.9,76930.12
condo,Mexico|Nuevo Leon|Apodaca,"25.405000161224926,-100.01940587657947",427.1,530347.05
villa,Mexico|Coahuila|Torreon,"27.544742080598898,-102.2533841307858",124.6,107945.82
land,Mexico|Baja California|Ensenada,"999.99,-999.99",238.7,79299.09
Departamento,Mexico|Jalisco|Guadalajara,"21.4048377134027,-103.80077473247323",244.1,427051.21
,Mexico|Oaxaca|Huatulco,"16.767613962583983,-96.91413123499241",383.1,528908.0
Apartamento,Mexico|Sonora,"28.96318145021697,-110.67857834717573",399.8,662939.7
Condo,Mexico|Chiapas|Tuxtla Gutierrez,"16.57596586126021,-92.72781328931376",323.8,190878.07
Terreno,Mexico|Sonora|Nogales,"28.61821622070524,-110.60364804926887",448.1,412251.59
Villa,Mexico|Nuevo Leon|Apodaca,"999.99,-999.99",257.4,123595.23
Condo,Mexico|Michoacan|Patzcuaro,"19.23980153809412,-102.23116876555008",74.9,87176.36
HOUSE,Mexico|Puebla|Puebla de Zaragoza,"19.81780277689635,-98.20059051803429",298.1,309413.54
Condo,Mexico|Oaxaca|Puerto Escondido,"17.80253443263175,-96.02315432743818",390.9,356008.68
Apartamento,Mexico|Veracruz|Veracruz,"19.82513504561641,-96.4262620977769",227.2,319739.18
Departamento,Mexico|Chiapas|Tuxtla Gutierrez,"16.51626322105327,-93.6184826307663",,386667.08
Townhouse,Mexico|Coahuila|Monclova,"26.814351333188384,-102.26146958825747",157.7,89028.24
villa,Mexico|Veracruz|Veracruz,"18.510079027734346,-95.86000629636489",446.3,
House,Mexico|Nuevo Leon|San Pedro Garza Garcia,"25.9332897483716,-99.95617633206986",204.5,140456.92
Apartment,Mexico|Jalisco|Guadalajara,"20.713219035101886,-104.07990835732163",329.2,13617759.18
Land,Mexico|Nuevo Leon|San Pedro Garza Garcia,"25.7354600950314,-100.09584805548549",37.2,41158.2
house,Mexico|Yucatan|Progreso,"20.84608357117241,-89.45915847546459",57.5,34879.88
,Mexico|Distrito Federal|Miguel Hidalgo,"19.93593428607058,-98.73504573146162",436.2,709962.0
,Mexico|Quintana Roo|Cozumel,"18.972654776099212,-88.01844375773977",315.5,"$567,737.45"
Villa,Mexico|Coahuila|Saltillo,"26.781442343274858,-102.38900204248448",168.4,109986.33
townhouse,Mexico|Nuevo Leon|San Pedro Garza Garcia,"25.914652386158565,-99.54296447191564",46.2,32034.49
Terreno,Mexico|YUCATAN|valladolid,"999.99,-999.99",437.3,717164.07
Townhouse,Mexico|Chihuahua|Delicias,"29.406653207336973,-105.9060944593136",-251.3,394533.15
Townhouse,Mexico|Jalisco|Zapopan,"20.222540159977648,-103.02161493476632",268.0,210662.38
land,Mexico|Michoacan|Morelia,"20.099259520201713,-101.75557326284545",120.8,157139.06
land,Mexico|Chihuahua|Ciudad Juarez,"29.325168474621428,-106.81213935166625",446.6,244939.7
Land,Mexico|Chiapas|San Cristobal de las Casas,"16.144760827693215,-92.8085796656955",195.4,214027.49
Departamento,Mexico|Michoacan|Patzcuaro,"19.051539199152227,-101.74701701898083",3203.6,2391823.0
Villa,Mexico|Michoacan|Patzcuaro,"19.900922795844007,-101.2369039191372",169.4,100826.92
Apartment,Mexico|DISTRITO FEDERAL|coyoacan,"19.41982242739745,-99.56266346291157",319.6,254964.18
Departamento,,,251.4,411793.76
Apartment,Mexico|Sonora|Nogales,"30.07962222440571,-110.78960982241145",419.1,289542.66
condo,Mexico|Distrito Federal|Cuauhtemoc,"19.082072111290078,-98.82327885201586",42.3,44156.39
house,Mexico|Distrito Federal|Tlalpan,"18.946584021254672,-99.34993614842801",196.5,215419.86
HOUSE,Mexico|Jalisco|Tlaquepaque,"20.34592236550082,-102.79140214420923",347.5,122559.59
apartment,Mexico|Yucatan|Valladolid,"21.19254741299291,-88.50170152433313",419.4,546350.5
townhouse,Mexico|Distrito Federal|Iztapalapa,"19.095163632574614,-99.52096504816753",3485.6,1485750.32
Land,Mexico|Yucatan|Progreso,"20.40767576721351,-88.97521479050344",178.2,308921.63
Condo,Mexico|Veracruz|Xalapa,"19.872307181433534,-96.64147605191519",97.6,170161.02
condo,Mexico|Michoacan|Uruapan,"19.5997855673517,-102.17840261697485",41.8,30032.31
apartment,Mexico|Veracruz|Coatzacoalcos,"19.66140792173273,-96.20296887704853",208.0,225855.0
villa,Mexico|Coahuila|Torreon,"27.547481724322395,-100.95681189667503",147.3,77497.6
Villa,Mexico|Chiapas|San Cristobal de las Casas,"16.96216827571146,-93.15104698439987",-107.6,"$285,568.19"
Terreno,Mexico|Quintana Roo|Playa del Carmen,"19.4182688881291,-88.13691443193632",78.8,63600.11
Condo,Mexico|Jalisco|Zapopan,"20.724440330599627,-102.96362652357388",160.0,259616.65
townhouse,Mexico|Chihuahua|Chihuahua,"28.9630792806258,-105.85568725796482",49.5,65111.69
Departamento,Mexico|Nuevo Leon|Monterrey,"26.30374817466966,-100.10624343372118",399.0,621377.5
Townhouse,Mexico|Chihuahua|Ciudad Juarez,"28.22406192713059,-106.21698934040873",176.6,"$244,967.68"
,Mexico|Baja California|Rosarito,"31.382383558697324,-115.5505138410735",315.0,5784139.32
villa,Mexico|Jalisco|Tlaquepaque,"20.213086246792237,-103.44833250551584",94.2,150537.72
apartment,Mexico|Coahuila|Saltillo,"27.6463061825003,-101.9561127775309",360.1,632518.78
Departamento,Mexico|Sonora|Hermosillo,"29.801290169877973,-110.09922342968885",309.8,313881.89
Terreno,Mexico|Michoacan|Uruapan,"20.299444540300918,-102.17943409145612",335.2,478863.1
House,Mexico|Nuevo Leon|Guadalupe,"25.443478804534525,-100.38535862611216",336.0,281634.93
,,"24.973431913114563,-99.3241029514491",135.0,161342.7
Terreno,Mexico|Chihuahua|Ciudad Juarez,"28.073232801515,-106.70848619894981",411.6,635411.27
Apartment,Mexico|Distrito Federal|Tlalpan,"20.141142229611116,-99.21663798279975",159.7,170096.6
townhouse,Mexico|Sonora|Nogales,"28.94235400705368,-110.71948764816104",408.4,503827.08
Land,Mexico|Nuevo Leon|Apodaca,"25.97541792065174,-99.28044079220528",266.1,352950.79
Departamento,Mexico|Puebla|Cholula,"18.290323259987147,-98.02508382344755",5756.4,
,Mexico|Distrito Federal|Tlalpan,"19.89351119276775,-99.13756161435587",334.4,208378.91
land,Mexico|Puebla|Puebla de Zaragoza,"19.666620214341933,-98.86182573784167",,210019.67
Apartamento,Mexico|Jalisco|Zapopan,"20.310957989690046,-103.97777243010513",-327.4,205163.31
Apartment,Mexico|Guanajuato|Celaya,"21.765320768686625,-101.8643211892602",91.0,142768.8
Land,Mexico|Nuevo Leon|Apodaca,"25.97541792065174,-99.28044079220528",266.1,352950.79
HOUSE,Mexico|Oaxaca|Puerto Escondido,"17.749739448497138,-96.87905692662622",113.6,114799.05
Casa,Mexico|Michoacan|Morelia,"19.75331443910509,-101.9252758550973",,62014.49
condo,Mexico|Coahuila|Torreon,"26.789412588933818,-102.24996523516732",282.4,398870.91
villa,Mexico|Yucatan|Valladolid,"20.77892662992971,-89.02966524504109",230.8,319697.97
HOUSE,Mexico|Jalisco|Zapopan,"20.631771618566127,-103.80523787557",359.1,113112.01
,Mexico|Chihuahua|Ciudad Juarez,"28.28767541177131,-106.31131125009621",,178241.76
HOUSE,Mexico|Baja California|Rosarito,"31.533738779277538,-114.95470482153002",383.7,
apartment,Mexico|Nuevo Leon|Monterrey,"25.885681315383867,-99.71343655136558",356.2,"$530,207.68"
land,Mexico|Puebla|Puebla de Zaragoza,,110.7,138976.79
,Mexico|OAXACA|oaxaca de juarez,"16.301460614398007,-96.4004469623077",363.4,235518.36
Land,Mexico|Guanajuato|Celaya,"20.623033584579606,-100.66493698158233",418.9,653180.0
Land,Mexico|Yucatan|Progreso,"21.13428209361743,-88.55527350246585",393.6,545799.55
HOUSE,Mexico|Jalisco|Tlaquepaque,,288.4,"$255,422.69"
apartment,Mexico|Quintana Roo|Cozumel,"18.66273400912229,-89.0268318122858",277.8,346268.45
villa,Mexico|Jalisco|Tlaquepaque,"20.891131353813282,-102.64424650584965",196.3,339960.76
House,Mexico|Chihuahua|Delicias,"29.180923985598728,-106.02808048547602",-243.4,101038.14
Departamento,Mexico|Puebla|Atlixco,"999.99,-999.99",177.2,128070.81
Apartment,Mexico|Oaxaca|Puerto Escondido,"17.250939228738652,-96.98245297616512",177.1,103070.0
House,Mexico|Puebla|Atlixco,"18.351240309308164,-98.58681679248421",91.5,127706.65
Departamento,Mexico|Sonora|Nogales,"28.601046333415077,-110.55167002971619",447.2,297561.35
Terreno,Mexico|Coahuila|Torreon,"26.60020888796104,-101.35444991988366",93.3,56706.99
House,Mexico|Yucatan|Valladolid,"999.99,-999.99",126.2,76978.84
Terreno,Mexico|Nuevo Leon|Guadalupe,"26.068528496126696,-99.5056730187843",202.4,136338.75
Apartamento,Mexico|Distrito Federal|Tlalpan,"19.731829430682644,-99.48346394555132",73.7,56860.7
villa,Mexico|Sonora|Ciudad Obregon,"28.79404662612894,-109.91712421306441",187.3,74387.92
Villa,Mexico|Quintana Roo|Cozumel,"18.697951162831576,-89.27220188690352",157.6,257990.17
condo,Mexico|Chiapas|Tuxtla Gutierrez,"17.01891770884224,-93.56465378352992",67.8,103709.32
Land,Mexico|Oaxaca|Huatulco,"17.244726914115176,-96.76014108451714",,249885.34
House,Mexico|Nuevo Leon|Monterrey,"24.94909740944588,-99.46731955100901",268.8,223470.96
Apartment,Mexico|Distrito Federal|Cuauhtemoc,"19.278761018682374,-98.64154099199887",39.2,30637.22
villa,Mexico|Quintana Roo|Cancun,"19.762519829062207,-87.85289815812726",254.0,378769.46
condo,Mexico|Guanajuato|Leon,"20.658975820804013,-101.24956452495965",126.4,77316.61
apartment,Mexico|Veracruz|Xalapa,"19.238150562640268,-96.50607356364458",185.8,144682.97
Apartamento,Mexico|Chihuahua|Chihuahua,"29.318753052901272,-106.40062364059735",68.8,57387.57
Apartment,Mexico|Chiapas|San Cristobal de las Casas,"16.650357991918714,-93.24534304286225",119.0,180951.58
Casa,Mexico|Jalisco|Guadalajara,"20.897682497898,-104.11367320807368",374.9,520233.41
Terreno,Mexico|Yucatan|Progreso,"20.129666863150177,-88.32897758046703",407.1,717102.26
villa,Mexico|Distrito Federal|Tlalpan,"18.943869800918563,-98.62834290428893",312.6,126458.6
land,Mexico|Puebla|Puebla de Zaragoza,"19.281535709201705,-97.61493530946031",387.3,402614.77
Departamento,Mexico|Michoacan|Uruapan,"20.26708461012498,-100.91848894515914",206.0,330512.28
Casa,Mexico|Jalisco|Puerto Vallarta,"20.106300212386028,-103.19241256303417",420.2,450872.07
land,Mexico|Jalisco|Guadalajara,"20.738011391058507,-103.11118266285317",315.1,328361.59
Villa,Mexico|Quintana Roo|Cozumel,,311.9,204712.77
townhouse,Mexico|Nuevo Leon|Guadalupe,"26.30581818789667,-100.1541868580762",176.7,277640.3
Apartment,Mexico|Veracruz|Xalapa,"19.400247270306878,-95.45865567396487",416.2,"$344,451.78"
Terreno,Mexico|Yucatan|Valladolid,"20.73974796643546,-89.5773721663772",56.3,97322.33
Villa,Mexico|Chihuahua|Chihuahua,"29.042731577996424,-105.4310523660403",209.1,
Villa,Mexico|Quintana Roo|Cozumel,"19.84065927198562,-87.69160307262187",353.5,130066.55
apartment,Mexico|Guanajuato|Leon,"20.892774659202175,-100.60514826459632",156.6,122287.94
Villa,Mexico|Coahuila|Saltillo,"26.957285308426577,-100.92102259675109",98.2,129842.07
Land,Mexico|Coahuila|Saltillo,"26.366283801090557,-101.58244610587988",409.1,619472.61
house,Mexico|Quintana Roo|Cozumel,"19.794248918344266,-89.13982768416965",342.5,329333.96
villa,Mexico|Yucatan|Progreso,"19.967638127094368,-89.84058769254443",270.3,414340.36
Apartment,Mexico|Baja California|Rosarito,"30.761814997573836,-115.35865331729038",334.8,462187.7
Villa,Mexico|Michoacan|Morelia,"19.55933131513246,-101.06757434838615",293.7,445703.87
Condo,Mexico|Nuevo Leon|Guadalupe,"24.937790440864262,-99.99306027574684",272.7,431439.45
Casa,Mexico|Michoacan,"19.786978033205223,-101.89944577026286",40.7,18784.26
Apartment,Mexico|Distrito Federal|Iztapalapa,"19.203528009725904,-99.50084770096163",260.0,428030.28
townhouse,,"31.62098345486202,-115.00093606688448",153.0,
land,,"26.46086124617358,-102.13771431360739",318.2,216981.79
House,Mexico|Jalisco|Tlaquepaque,"20.373074185287066,-103.79620952260242",382.7,575772.66
Terreno,Mexico|Oaxaca|Oaxaca de Juarez,"16.518358931735445,-97.27933409539187",178.7,154207.41
Townhouse,Mexico|Puebla|Puebla de Zaragoza,"18.388093398044383,-97.89615222068416",275.8,365593.54
townhouse,Mexico|Quintana Roo|Tulum,"19.50660157276496,-88.1658843399922",314.4,192742.57
Condo,Mexico|Coahuila,"27.230571752537863,-101.90267042768191",328.3,239730.94
land,Mexico|Chiapas|Tuxtla Gutierrez,"16.893959327872807,-93.60176364092065",106.4,122940.62
condo,Mexico|Yucatan|Progreso,"20.47544117324007,-88.66780068022886",131.6,46701.41
HOUSE,Mexico|Quintana Roo|Cozumel,"19.28404994378502,-88.75271027087224",232.8,
Terreno,Mexico|Nuevo Leon|San Pedro Garza Garcia,"25.307187139623373,-100.2226432501662",145.0,44815.37
Terreno,Mexico|Michoacan|Patzcuaro,"18.805730736810105,-102.42085170915966",51.9,16135.0
Condo,Mexico|Puebla|Atlixco,"18.440979600179283,-98.88637380394704",-300.8,294041.55
land,Mexico|Oaxaca|Puerto Escondido,"17.761200829358298,-97.52122188231498",134.5,54691.05
Casa,,,327.4,300035.69
Casa,Mexico|Jalisco|Zapopan,"20.643716495597275,-103.82287291266802",240.0,84894.3
,Mexico|Sonora|Ciudad Obregon,"28.698396686419112,-111.07662745327306",220.3,239437.49
condo,Mexico|Michoacan|Uruapan,"19.357227089481814,-102.1191037529591",216.8,"$83,146.13"
Terreno,Mexico|Oaxaca|Puerto Escondido,"17.544645431777642,-97.02751853835812",424.7,415750.83
Terreno,Mexico|Guanajuato|San Miguel de Allende,"21.433970427938355,-101.66999188205922",436.6,235660.78
townhouse,Mexico|Coahuila|Monclova,"27.81844302497276,-101.18832914722937",293.3,124531.49
,Mexico|Guanajuato|San Miguel de Allende,"21.68129667539747,-100.65430530890539",-323.4,233446.71
Condo,Mexico|Chihuahua|Chihuahua,"28.578353230633642,-105.69148837736674",331.5,144383.84
,Mexico|Sonora|Ciudad Obregon,"29.773197301787263,-109.92544065386154",147.4,69395.77
House,Mexico|Puebla|Atlixco,"19.827027578109476,-99.00577185381675",344.1,217143.21
,Mexico|Chihuahua|Ciudad Juarez,"28.175895375619856,-105.56306991435929",192.8,251375.6
Townhouse,Mexico|Veracruz|Veracruz,"19.06854020889575,-96.31996487192548",178.4,114659.17
villa,Mexico|Puebla|Puebla de Zaragoza,"18.600449256900955,-98.23116800894202",215.2,162763.0
Townhouse,Mexico|Veracruz|Veracruz,"19.17794438951264,-95.8990251538852",440.6,791332.38
land,Mexico|Yucatan|Progreso,"21.093383517673296,-89.19766257009466",-65.5,403383.28
Condo,Mexico|Yucatan|Merida,"21.250917198303107,-88.49481247147749",420.8,412581.17
Casa,Mexico|Chihuahua|Chihuahua,"28.669520647832485,-106.34893265231298",247.5,243695.47
house,Mexico|Michoacan|Patzcuaro,"999.99,-999.99",377.7,154320.11
Condo,Mexico|Yucatan|Progreso,"999.99,-999.99",266.9,190803.62
condo,Mexico|Coahuila|Saltillo,"26.810965934415268,-101.60838375843132",411.3,"$647,281.49"
,Mexico|Baja California|Ensenada,,,138128.36
HOUSE,Mexico|Oaxaca|Huatulco,"17.79259941965081,-96.01591855189389",79.8,117243.65
Townhouse,Mexico|Sonora|Hermosillo,"29.130648024444465,-109.95479556679558",137.3,152440.58
house,Mexico|Sonora|Nogales,"29.526945867299965,-109.72842978783757",51.6,32777.8
Townhouse,Mexico|Quintana Roo|Cozumel,"18.53572462673816,-88.22848032069759",179.4,109874.58
townhouse,Mexico|Puebla|Puebla de Zaragoza,"19.161556652018305,-98.30374546285002",42.0,50431.53
,Mexico|Sonora|Nogales,"29.56592973332479,-110.58183880386787",100.4,44046.45
villa,Mexico|Puebla|Cholula,"18.390392652881733,-97.44542640775605",5737.5,6180672.63
townhouse,,"20.80229478519273,-100.82429701155843",87.9,"$100,403.28"
Casa,Mexico|Chiapas|San Cristobal de las Casas,"17.318172461368036,-93.33562132545006",173.7,65151.69
condo,Mexico|Puebla|Puebla de Zaragoza,"19.818841625428078,-97.80261260148757",289.8,217337.55
Townhouse,Mexico|Coahuila|Saltillo,,146.4,189435.0
,Mexico|Guanajuato|Irapuato,"21.429431318311178,-100.77137812162013",255.2,377407.0
Townhouse,Mexico|Guanajuato|San Miguel de Allende,"21.462614156171085,-100.80180195249757",294.1,323263.85
condo,Mexico|Baja California|Ensenada,"31.482667767726728,-115.15379841866981",365.5,426178.84
land,Mexico|Veracruz|Xalapa,"19.66838073337417,-96.41026007177977",414.7,631737.58
Departamento,Mexico|Baja California|Tijuana,"31.54076284182708,-115.21135946240297",285.4,407322.64
,Mexico|Puebla|Puebla de Zaragoza,"18.800759882473976,-98.48461901279504",138.1,16884547.47
condo,Mexico|Distrito Federal|Tlalpan,"19.32220097650476,-99.10264815137654",403.0,237557.14
townhouse,Mexico|Michoacan|Uruapan,"19.17648679001858,-102.33995568464823",335.6,115116.0
Terreno,Mexico|Baja California|Rosarito,"31.21102779483331,-115.80004996271448",4994.7,6503873.0
condo,Mexico|Yucatan|Valladolid,"20.460496411738294,-89.68337871228489",98.4,118114.61
Departamento,Mexico|Michoacan|Uruapan,"19.578449336395593,-102.4462489869253",363.7,"$415,448.10"
,Mexico|Chihuahua|Chihuahua,"28.463328358648152,-106.25112812940016",7552.3,6067983.08
townhouse,Mexico|Distrito Federal|Cuauhtemoc,"19.098026763622084,-99.40362209876315",393.2,195993.1
land,Mexico|Chihuahua|Chihuahua,"28.44320984302404,-106.34461347048632",228.4,322156.58
Apartment,Mexico|Distrito Federal|Cuauhtemoc,"18.657416439028413,-98.81895595852576",381.4,591466.13
townhouse,Mexico|Chihuahua|Chihuahua,"27.83628475527978,-105.58161564673485",345.8,362088.04
condo,Mexico|Yucatan|Progreso,"20.993784656724596,-88.86514449587287",101.9,74046.73
,Mexico|Nuevo Leon|Guadalupe,"25.35612067466577,-100.20940102993524",175.1,"$222,107.20"
land,Mexico|Oaxaca|Puerto Escondido,,304.1,214093.88
,Mexico|Michoacan|Patzcuaro,"19.003896634325464,-101.15475720221121",449.1,440786.47
Villa,Mexico|Coahuila|Saltillo,"27.231714979916415,-101.4632688327062",-71.3,306657.52
Land,Mexico|YUCATAN|progreso,"21.246686153580576,-88.8201637233021",3570.3,5337222.38
house,Mexico|Quintana Roo|Cancun,"19.514964439219654,-88.5464235390755",37.2,64299.16
,Mexico|Quintana Roo|Playa del Carmen,"19.524408764631104,-88.83627619408912",127.3,151094.97
Villa,Mexico|Coahuila|Torreon,"27.786317428630504,-101.76683902694002",135.6,158288.67
HOUSE,Mexico|Jalisco|Tlaquepaque,"20.34592236550082,-102.79140214420923",347.5,122559.59
,Mexico|Yucatan|Merida,"21.119692158457713,-88.57258458097296",93.1,40371.34
Apartamento,Mexico|Michoacan|Uruapan,"19.76467385434134,-101.99170445771672",213.9,361982.3
House,Mexico|Nuevo Leon|Apodaca,"25.459733346327475,-99.99270781549018",379.8,679832.49
Apartment,Mexico|Distrito Federal|Coyoacan,,81.3,82439.05
HOUSE,,"20.05703696411042,-89.64684108410569",6055.3,9316076.0
HOUSE,Mexico|Baja California|Mexicali,"30.71664564656226,-115.1847003142028",306.7,512484.93
Departamento,Mexico|Nuevo Leon|San Pedro Garza Garcia,"25.52753118719232,-99.41719744816552",93.3,"$101,928.42"
Townhouse,Mexico|Distrito Federal|Tlalpan,"18.999217200551456,-99.57177953245629",334.5,111016.19
Apartment,Mexico|Guanajuato|Celaya,"20.604903623941166,-101.27289506061692",147.0,98821.89
,Mexico|Yucatan|Valladolid,"21.18847484602017,-89.77116558234012",387.3,
Apartamento,Mexico|Puebla|Cholula,"18.675196695644058,-98.68887335402168",253.6,"$143,079.85"
Condo,Mexico|Jalisco|Guadalajara,"20.709346018528674,-102.93429602903382",-395.0,350611.97
House,Mexico|Oaxaca|Huatulco,"17.19798928824633,-96.80531269989777",254.4,230249.96
townhouse,Mexico|Distrito Federal|Tlalpan,"19.34108821474133,-98.51382072048766",251.1,"$340,100.13"
Apartamento,Mexico|Distrito Federal|Tlalpan,"18.883498827131177,-99.7452525687216",180.9,211324.0
,Mexico|Guanajuato|Irapuato,"21.429431318311178,-100.77137812162013",255.2,377407.0
Condo,Mexico|Baja California|Mexicali,"30.313744235387503,-114.98793295573203",131.9,206257.73
Condo,Mexico|Coahuila|Monclova,"27.773674507292274,-101.66085413296965",229.7,
Terreno,,"19.039050906746922,-89.13123359232702",223.2,188626.28
house,Mexico|Oaxaca|Oaxaca de Juarez,"16.68757601476728,-96.8944385780916",298.6,"$184,715.06"
,Mexico|Sonora|Ciudad Obregon,"28.639639226715307,-110.90955253848571",150.5,"$252,749.69"
townhouse,Mexico|Jalisco|Tlaquepaque,"20.971413562857446,-102.59209033227867",79.1,132839.41
,Mexico|Guanajuato|Celaya,"20.25198841714309,-101.88915757162123",275.9,255251.48
house,Mexico|Chiapas|San Cristobal de las Casas,"16.789865249238698,-93.01814680785994",198.1,181254.95
,Mexico|Nuevo Leon|Guadalupe,"25.91170315261675,-99.86241308344847",366.9,346288.2
Terreno,Mexico|Guanajuato|Leon,"20.46667247047881,-101.93602964514163",368.1,112277.33
Condo,Mexico|Chiapas|San Cristobal de las Casas,"16.4101639161498,-93.47943748226074",262.7,338580.36
Apartamento,Mexico|Puebla|Atlixco,"18.2699097436916,-98.95548307885562",105.4,120890.84
Villa,Mexico|Chiapas|Tuxtla Gutierrez,"16.43260477815475,-92.66834464055069",,"$150,604.25"
Departamento,Mexico|Chiapas|San Cristobal de las Casas,"16.15070485690773,-92.7031349713182",227.5,187397.62
Townhouse,Mexico|Oaxaca|Huatulco,"17.14124964554307,-96.12965518947675",4732.3,2581703.78
Villa,Mexico|Puebla|Puebla de Zaragoza,"18.82791240159626,-98.5785121497889",119.0,182527.75
Departamento,Mexico|Distrito Federal|Coyoacan,"18.987990648169045,-98.94003099918461",,74702.64
Departamento,Mexico|Jalisco|Puerto Vallarta,"20.801526297878596,-103.35744417776831",343.7,599838.06
Terreno,Mexico|Veracruz|Xalapa,"19.05887245121196,-95.48370154847245",388.7,512977.68
Townhouse,Mexico|Sonora|Ciudad Obregon,"30.025812634294187,-109.57717999154157",239.5,"$144,036.76"
HOUSE,Mexico|Nuevo Leon|Monterrey,,,"$62,053.10"
,Mexico|Veracruz|Veracruz,"19.872942396749167,-95.46870052744906",300.7,359074.0
Terreno,Mexico|Baja California,"31.09026092575699,-115.8750564597587",6765.4,4700048.79
Townhouse,Mexico|Baja California|Tijuana,"31.002789888008927,-115.16651663409647",345.8,"$376,809.97"
villa,Mexico|Baja California|Ensenada,"30.27832147107478,-116.0087243510991",169.5,
,Mexico|Guanajuato|San Miguel de Allende,,257.7,"$357,942.26"
house,Mexico|Coahuila|Torreon,"26.861970343167435,-101.71059213410409",105.3,155438.31
townhouse,Mexico|Baja California|Ensenada,"30.095475702601433,-115.77074716462079",,226937.41
Departamento,Mexico|Nuevo Leon|San Pedro Garza Garcia,"25.63721121193597,-99.95869218481103",308.7,223209.4
,Mexico|Oaxaca|Huatulco,"17.810050871605814,-96.56062183833659",337.3,
House,Mexico|Quintana Roo|Cancun,"18.819638344336877,-89.13155778041165",74.6,
land,Mexico|Oaxaca|Puerto Escondido,"17.52260693941651,-97.32951883113127",46.9,35806.07
Apartment,Mexico|Nuevo Leon|Guadalupe,"25.79356237012465,-99.33060513042983",441.9,793553.8
Land,Mexico|Veracruz|Xalapa,"18.78221449014496,-96.59241521423306",140.4,132906.96
Terreno,Mexico|Coahuila|Monclova,"27.37700738359683,-101.44893573163289",65.6,40643.34
Villa,Mexico|Sonora|Hermosillo,"29.181781689264856,-110.99207958208152",225.9,95854.75
Townhouse,Mexico|Chihuahua|Chihuahua,"29.205082862510025,-106.24850783544731",436.1,206651.43
townhouse,Mexico|Yucatan|Progreso,"20.562272862401148,-89.48491488625505",163.0,246472.47
Terreno,Mexico|Chiapas|San Cristobal de las Casas,"16.117078398988497,-92.54726630142189",362.5,287674.64
Condo,Mexico|Chiapas|San Cristobal de las Casas,"17.54724562049068,-92.88586429404054",446.3,145748.9
townhouse,Mexico|Baja California|Rosarito,"31.462078346476048,-115.12742571854176",448.7,340988.62
Departamento,Mexico|Puebla|Puebla de Zaragoza,"19.097863695397727,-98.79397318637794",312.9,423276.24
,Mexico|Michoacan|Uruapan,"19.69925176826584,-102.06891168492042",85.3,57400.74
Townhouse,Mexico|Chihuahua|Delicias,"28.523688577761636,-105.92663645176783",105.9,68413.12
Terreno,Mexico|Quintana Roo|Cozumel,"19.935387506346526,-88.82937403686888",190.3,116883.83
condo,Mexico|Yucatan|Merida,"20.086312750248847,-88.6722939189024",317.0,325653.84
Condo,Mexico|Jalisco|Guadalajara,"20.872424657510237,-103.17150804320201",226.0,395440.09
Land,Mexico|Quintana Roo|Tulum,"18.56250539494596,-88.32189277224641",108.0,143504.3
Apartamento,Mexico|Baja California|Mexicali,"31.27445748300341,-115.31139603896933",49.7,23338.58
Apartment,Mexico|Yucatan|Merida,"19.98316740107895,-89.0400043967299",266.6,149157.9
House,Mexico|Oaxaca|Huatulco,"17.35296259915917,-97.18602418289586",192.6,128635.32
Condo,Mexico|Chihuahua|Ciudad Juarez,"27.876949285637796,-105.96229592564468",262.8,360837.35
apartment,Mexico|Jalisco|Puerto Vallarta,"20.870001416599205,-102.56950127967971",345.3,226883.18
House,Mexico|Puebla|Cholula,"19.02198157483506,-98.40338090472108",87.6,89048.0
condo,Mexico|Jalisco|Tlaquepaque,"19.93440122800891,-103.89128656202975",4053.1,1998167.09
House,Mexico|Jalisco|Guadalajara,"21.136075137909693,-103.23153980442571",307.6,278266.5
HOUSE,Mexico|Veracruz|Xalapa,"19.576964952733835,-95.73308176625835",287.3,144433.68
land,Mexico|Puebla|Cholula,"18.706861471855152,-98.8745602970637",212.7,177479.46
Condo,Mexico|Puebla|Puebla de Zaragoza,"18.61064782592451,-98.51235465370203",258.5,264367.87
land,Mexico|Puebla|Puebla de Zaragoza,"19.35339825377635,-97.53078097400882",393.5,559097.38
Casa,Mexico|Baja California|Mexicali,"30.46471749130071,-116.06020850710877",55.1,24046.69
Terreno,Mexico|Veracruz|Xalapa,"19.688516819575593,-95.69073140837715",393.3,376786.57
Departamento,Mexico|Yucatan|Valladolid,"21.116006868980786,-88.84632265287183",404.5,153939.26
townhouse,Mexico|Quintana Roo|Cancun,"19.511313196960156,-87.84982240449888",189.3,122323.5
apartment,Mexico|SONORA|hermosillo,"29.668776270690152,-110.073537088843",433.4,479186.56
land,Mexico|Baja California|Ensenada,"30.22330429630974,-115.99507750939307",-59.0,473099.72
Casa,Mexico|Baja California|Ensenada,"30.3246260507883,-115.90752979967284",304.2,138202.26
,Mexico|Baja California|Mexicali,"31.055278237862247,-115.61059792128484",79.2,118214.78
house,Mexico|Coahuila|Monclova,"26.336149785975895,-101.67539294509183",288.6,162806.47
House,Mexico|Guanajuato|Leon,"20.477293078844937,-100.6329220790079",219.2,259520.72
Casa,Mexico|Michoacan|Patzcuaro,"20.32696970307834,-101.4589503927125",35.2,50438.42
Apartment,Mexico|Sonora|Hermosillo,"29.63992921311727,-109.5530073533525",409.2,452809.11
Apartamento,Mexico|Quintana Roo|Cozumel,"19.3231514686667,-88.01091758043768",376.3,232886.91
House,Mexico|Chihuahua|Delicias,"29.115877698487033,-106.02686698624176",184.7,"$240,911.94"
Land,Mexico|Jalisco|Puerto Vallarta,"20.23957756957127,-103.38535431376222",78.2,107150.82
Villa,Mexico|Quintana Roo|Cozumel,"18.424101871167107,-88.83708513422906",270.6,421442.93
,Mexico|Jalisco|Zapopan,"20.126934510734554,-102.84307922633897",261.2,390901.72
Casa,Mexico|Oaxaca|Huatulco,"16.68786277680238,-97.4147966243729",,498916.22
,Mexico|Quintana Roo|Cancun,"18.400257719957786,-88.58154817866449",378.8,185455.84
Terreno,Mexico|Michoacan|Morelia,"18.988453716095417,-101.17445641048373",179.5,183257.48
HOUSE,Mexico|Veracruz|Coatzacoalcos,"19.96420507558355,-95.69373188569745",40.0,24119.51
apartment,Mexico|Puebla|Atlixco,"18.70617365012883,-98.14226027967145",42.1,38018.69
Condo,Mexico|Chiapas|San Cristobal de las Casas,"17.512687885348974,-93.89518329672869",211.3,375218.85
Casa,Mexico|Chihuahua|Ciudad Juarez,"27.876942601175468,-106.07527488194707",373.5,294060.38
HOUSE,Mexico|Chiapas|San Cristobal de las Casas,"16.657835382601803,-92.76385270173061",43.0,25360.48
Terreno,Mexico|Yucatan|Progreso,"20.17971411722869,-88.41561246157431",190.4,329886.68
apartment,Mexico|Baja California|Tijuana,"30.88889602714333,-115.43838408566788",78.6,"$63,981.92"
house,Mexico|Distrito Federal|Coyoacan,"19.512991757391337,-98.94828960612618",203.1,213000.66
HOUSE,Mexico|Sonora|Ciudad Obregon,"29.458493321768938,-110.83821830189405",322.3,151866.83
House,Mexico|Jalisco|Puerto Vallarta,"21.241266859636823,-103.3261825575921",331.7,240990.06
Departamento,Mexico|Nuevo Leon|Apodaca,"25.899624130874827,-99.42027313941146",77.4,123260.96
townhouse,Mexico|Nuevo Leon|Apodaca,"26.370541919879365,-100.25729261712159",-295.7,99046.82
Departamento,Mexico|Veracruz|Xalapa,"19.738019238385675,-95.83400901956438",235.6,269128.23
Casa,Mexico|Coahuila|Saltillo,"26.88124717948841,-101.44783428162087",165.8,218101.11
townhouse,Mexico|Coahuila|Torreon,"26.56112094432826,-102.04739935482286",433.7,555394.26
house,Mexico|Chihuahua|Delicias,"28.507009137194736,-106.3910614513797",-182.5,262671.95
Land,Mexico|Guanajuato|Irapuato,"20.4063660898711,-101.78048306029781",-79.5,308062.9
Apartamento,Mexico|Chihuahua|Ciudad Juarez,"28.392664667546928,-106.59708478032562",429.1,740848.37
,Mexico|Quintana Roo|Cozumel,"19.201645391576463,-88.57930349921845",198.4,261925.28
,Mexico|Baja California|Mexicali,"30.279026973704394,-115.55721036188133",243.5,"$292,883.09"
Apartamento,Mexico|Yucatan|Valladolid,"20.095478026936924,-89.36223359147532",317.3,"$250,355.24"
villa,Mexico|Quintana Roo|Cancun,"18.800890654677865,-87.71628339851507",230.9,275015.95
land,Mexico|Chihuahua|Delicias,"29.290988289844464,-106.66456837965609",325.6,103964.12
townhouse,Mexico|Jalisco|Tlaquepaque,"21.30519063292836,-103.40977645331735",91.4,121598.34
villa,Mexico|Nuevo Leon|Guadalupe,"25.696618812389175,-100.16871327913576",254.9,"$174,264.01"
villa,Mexico|Coahuila|Monclova,"27.11805999598528,-102.19528150782494",364.5,166555.37
House,Mexico|Chiapas|San Cristobal de las Casas,"16.96909611341137,-93.22570101913345",222.7,290676.99
Land,Mexico|Quintana Roo|Cozumel,"19.570867227116807,-88.64813312095453",432.4,728890.0
villa,Mexico|Puebla|Atlixco,"18.816262851947634,-98.43884229031708",247.3,208684.54
townhouse,Mexico|Chiapas|Tuxtla Gutierrez,"16.75477475707111,-92.66732799330504",306.3,"$135,863.14"
HOUSE,Mexico|Baja California|Rosarito,"31.245078176638984,-114.6976882011463",282.1,373760.44
Departamento,Mexico|Michoacan|Uruapan,,4036.4,1675059.73
house,Mexico|Quintana Roo|Cozumel,,229.2,411324.44
apartment,Mexico|Quintana Roo|Cozumel,"18.66273400912229,-89.0268318122858",277.8,346268.45
Terreno,Mexico|Michoacan|Patzcuaro,"19.844946976205858,-102.0729996777738",44.0,28844.9
Condo,Mexico|Yucatan|Valladolid,"20.365868223291507,-89.61228159340111",250.7,397245.0
house,Mexico|Oaxaca|Huatulco,"17.30143896789091,-96.8247836429515",216.2,
Townhouse,Mexico|Baja California|Ensenada,"30.884887128969797,-115.15743569784307",,5599398.93
,Mexico|Michoacan|Patzcuaro,"19.268541520229938,-101.98288361362661",233.3,"$217,790.04"
,Mexico|Sonora|Hermosillo,"29.126236532768086,-110.27200169841647",-308.9,24591.32
Apartamento,Mexico|Baja California|Mexicali,"30.201418640381235,-114.76219246300995",188.9,283692.04
land,Mexico|Nuevo Leon|San Pedro Garza Garcia,"25.991014218214282,-99.79715717848865",247.2,425565.2
townhouse,Mexico|Jalisco|Zapopan,"20.236103164354997,-104.14634300739819",274.5,"$384,637.09"
Condo,Mexico|Guanajuato|Celaya,"20.8991870419723,-101.5716550981981",304.6,477991.51
Departamento,Mexico|Nuevo Leon|Guadalupe,"24.92668613603309,-100.27209322994905",7145.1,10274446.57
House,Mexico|Chiapas|San Cristobal de las Casas,,174.4,146073.37
,Mexico|Chihuahua|Chihuahua,"28.1078390515423,-106.42831453646615",267.3,304321.21
,Mexico|Chihuahua|Ciudad Juarez,"28.111046995132007,-106.04706783267022",166.1,59485.2
Terreno,Mexico|OAXACA|huatulco,,138.2,214392.03
House,Mexico|Yucatan|Progreso,"21.329934367088175,-89.59519792475707",205.5,186739.13
,Mexico|Sonora|Ciudad Obregon,"999.99,-999.99",69.7,63777.59
Condo,Mexico|MICHOACAN|morelia,"19.885230432960682,-101.67262482626084",285.3,189076.38
land,Mexico|Veracruz|Xalapa,"18.944131016465455,-96.76048726388433",446.5,752831.23
HOUSE,Mexico|Yucatan|Progreso,"20.954026290053385,-88.85047255106979",109.5,125982.48
Apartment,Mexico|Nuevo Leon|San Pedro Garza Garcia,"25.89734865263511,-99.198895641789",78.4,111926.62
Terreno,Mexico|Michoacan|Uruapan,"19.231911763302477,-100.95781744343975",101.2,133333.56
land,Mexico|Veracruz|Xalapa,"19.939079874176322,-95.34947300873567",369.4,257050.61
condo,Mexico|Quintana Roo|Cancun,"19.0165286269352,-88.75079983657422",166.2,"$225,376.99"
Terreno,Mexico|Puebla|Atlixco,"18.69050334506811,-97.7082210913628",180.7,276467.83
HOUSE,Mexico|Jalisco|Guadalajara,"20.712284629499333,-103.04674320154729",271.2,"$410,737.27"
Villa,Mexico|Quintana Roo|Cozumel,"18.424101871167107,-88.83708513422906",270.6,421442.93
,Mexico|Jalisco|Zapopan,"20.624550626237866,-103.5492130472833",114.8,15459820.5
Apartment,Mexico|Chiapas|San Cristobal de las Casas,"16.617667180953436,-93.71200675107366",251.7,141968.83
land,Mexico|Michoacan|Morelia,"20.089382577842976,-101.64020912184962",358.9,110448.82
Departamento,Mexico|Nuevo Leon|Apodaca,"25.684066036608737,-99.81085899662246",221.6,267971.0
Condo,Mexico|Coahuila|Torreon,"26.861312618548297,-102.44842757166381",272.3,322828.42
HOUSE,Mexico|Oaxaca|Oaxaca de Juarez,"16.87541710663021,-96.61596928164207",197.3,272493.87
Apartamento,Mexico|Sonora|Hermosillo,"29.784113638256457,-110.80918035026069",121.0,
Terreno,Mexico|Nuevo Leon|San Pedro Garza Garcia,"25.865410973370714,-100.75495878121234",109.1,98138.16
villa,Mexico|Veracruz|Xalapa,"18.641700597824393,-96.84757762759276",399.2,168774.42
condo,Mexico|Veracruz|Veracruz,"18.993344029537273,-96.16636434617065",376.7,575280.32
townhouse,Mexico|Oaxaca|Puerto Escondido,"17.170879213476404,-95.96638269237071",240.8,426091.73
Villa,Mexico|Coahuila|Saltillo,"27.78850110259834,-102.08449199398096",-233.6,359402.1
HOUSE,Mexico|Veracruz|Veracruz,"18.808442715791227,-96.38421889630307",4951.7,3912770.24
HOUSE,Mexico|Jalisco|Zapopan,"20.26173142470754,-103.16721036518234",182.0,320610.53
Terreno,Mexico|Guanajuato|San Miguel de Allende,"21.093395742194755,-101.32706124657258",197.9,280652.72
house,Mexico|Jalisco|Guadalajara,"20.05592458821317,-102.93105108380729",294.1,409898.0
Casa,Mexico|Michoacan|Morelia,"19.774211475416116,-101.51122757973279",367.9,"$379,660.62"
Condo,Mexico|Coahuila|Saltillo,"26.883955180555468,-100.92889286139422",,256957.75
Townhouse,Mexico|Jalisco|Tlaquepaque,"20.741311831697548,-102.8067336543116",225.6,155023.72
House,Mexico|Yucatan|Valladolid,"20.64489540276861,-89.03860900219168",147.3,48144.53
,Mexico|Michoacan|Morelia,"19.94754339715735,-102.10932806934859",141.5,185135.51
Townhouse,Mexico|Sonora|Hermosillo,"28.63711891494231,-110.42902566997357",214.4,170121.16
Townhouse,Mexico|Chiapas|Tuxtla Gutierrez,"16.56221073295822,-92.77153632477953",136.2,202639.12
land,Mexico|Quintana Roo|Cancun,"18.43449943012298,-88.04240652820765",380.7,
house,Mexico|Puebla|Puebla de Zaragoza,"19.77772389595798,-97.50450653130379",43.6,61916.83
,Mexico|Chihuahua|Chihuahua,"29.10841662454013,-105.29630206758615",221.1,315191.43
,Mexico|Sonora|Nogales,"30.057583903265996,-110.18952816370512",148.7,9067518.19
Departamento,Mexico|Veracruz|Xalapa,"19.712818081165672,-95.59826657231943",146.1,167678.74
Condo,Mexico|Distrito Federal|Cuauhtemoc,"18.773533820923376,-99.54648262926675",95.8,73359.69
Apartment,Mexico|Coahuila|Saltillo,"27.696992896871258,-102.12164083126162",315.6,448803.19
HOUSE,Mexico|Chihuahua|Delicias,"28.25260293983326,-105.5252434621228",422.9,"$509,774.04"
Terreno,,"19.039050906746922,-89.13123359232702",223.2,188626.28
Villa,Mexico|Chiapas|San Cristobal de las Casas,"16.50840010426261,-93.22345276890101",275.9,328426.55
villa,Mexico|Oaxaca|Huatulco,"17.23415076212679,-97.34757295621284",302.2,332164.16
,Mexico|Coahuila|Torreon,"26.489489997959648,-101.18323041009154",63.7,47044.4
Villa,Mexico|Sonora|Ciudad Obregon,"29.97933005906029,-111.12524742719037",186.6,131436.62
Condo,Mexico|Chiapas|San Cristobal de las Casas,"17.103436263551252,-92.41204185133293",152.6,50076.17
Casa,Mexico|Chiapas|Tuxtla Gutierrez,"16.06728690067051,-92.38866075762414",,288466.58
Townhouse,Mexico|Veracruz|Veracruz,"19.18170774357254,-95.84464801879557",65.4,83689.95
,Mexico|Chihuahua|Ciudad Juarez,"28.44182071809407,-106.71667709796685",76.4,25517.76
Villa,Mexico|Quintana Roo|Cozumel,"19.457837314013922,-88.57558679749073",-404.0,378693.67
Terreno,Mexico|Chihuahua|Delicias,"28.84239184815982,-105.43702315172406",405.2,666795.81
,Mexico|Veracruz|Coatzacoalcos,,85.0,46941.97
villa,Mexico|Coahuila|Saltillo,"27.545260282561838,-101.40053292781953",360.4,528410.15
Condo,Mexico|Jalisco|Tlaquepaque,"20.590785732927298,-102.72747756537923",-377.6,295384.05
,Mexico|Nuevo Leon|San Pedro Garza Garcia,"26.141275222938248,-99.85544747097734",144.9,88868.47
HOUSE,Mexico|Chihuahua,"29.43203389150732,-106.36154755143637",202.9,177826.81
land,,"26.28096872515206,-100.37714230857434",140.2,198119.28
Townhouse,Mexico|Chiapas|Tuxtla Gutierrez,"17.48376413834014,-93.81847140248023",360.1,290189.74
Casa,Mexico|Quintana Roo|Cozumel,"19.638983318055992,-88.45636885843628",140.7,191633.94
condo,Mexico|Michoacan|Patzcuaro,"19.62232338318852,-102.33505818442187",239.1,267611.59
,Mexico|Yucatan|Valladolid,"20.626077416283827,-89.57362869500959",160.8,281299.1
Apartamento,Mexico|Yucatan|Progreso,"19.978156493934836,-88.67309246819863",,23549.74
HOUSE,Mexico|Puebla|Puebla de Zaragoza,"18.781815200292087,-97.74965116465538",,62443.11
,Mexico|Baja California|Ensenada,,376.6,549445.5
condo,Mexico|Michoacan|Patzcuaro,"19.961047669659422,-102.33121059780804",-348.9,414387.4
Terreno,Mexico|Quintana Roo|Cozumel,"18.73152921374185,-89.22252780068487",298.9,322118.5
Apartamento,Mexico|Sonora|Nogales,"28.50742103411092,-110.1395072995518",158.3,217966.81
house,Mexico|Guanajuato|Irapuato,"20.66921271131731,-101.99752617212678",176.1,"$247,434.98"
townhouse,Mexico|Chihuahua|Delicias,"29.22723619144661,-106.35884134519405",187.5,77600.32
Villa,Mexico|Veracruz|Coatzacoalcos,"19.38818588962238,-95.7622488068164",326.1,303896.47
Apartamento,Mexico|Sonora|Nogales,"28.621001200730348,-109.55225865267963",261.3,142820.29
Townhouse,Mexico|Chihuahua|Delicias,"29.237206987763134,-105.86847742085261",335.1,423289.23
Land,Mexico|Guanajuato|Irapuato,"21.33289427958831,-101.22650304499933",184.1,"$279,126.34"
,,"19.7674951495032,-96.79833781754687",318.5,570361.53
Townhouse,Mexico|Michoacan|Morelia,"19.91067498731122,-102.50258612268317",130.4,175450.05
Terreno,Mexico|Coahuila|Torreon,"27.4045338957405,-101.28373327920089",244.5,405673.51
,Mexico|Chiapas|Tuxtla Gutierrez,"17.195812620404883,-92.56200927933965",409.3,"$143,589.85"
Villa,Mexico|Chihuahua|Delicias,"28.3995764210422,-106.72898277142826",334.8,121554.0
Apartment,Mexico|Sonora|Ciudad Obregon,"29.642180262532733,-109.89131060414518",4208.8,2902852.14
land,Mexico|Nuevo Leon|Apodaca,"25.825981141721222,-100.52228143340119",406.9,719159.93
,Mexico|Jalisco|Tlaquepaque,"19.920755396070682,-103.72965993492288",384.7,"$265,861.27"
Casa,Mexico|Guanajuato|San Miguel de Allende,,373.0,119381.0
Townhouse,Mexico|Baja California,"31.447791369926527,-114.49314757484038",322.2,440241.76
Apartamento,Mexico|Guanajuato|Irapuato,"21.090204530245977,-101.91910305821425",309.4,516091.25
house,Mexico|Chiapas|Tuxtla Gutierrez,"16.227437178923132,-93.29780299740055",308.5,372260.8
Casa,Mexico|Chiapas,"16.483116225238277,-93.2424042451678",297.3,467425.5
Apartamento,Mexico|Puebla|Atlixco,"19.175227824942798,-98.62264401615948",312.4,383118.29
Villa,Mexico|Quintana Roo|Cancun,"18.429060276500046,-89.2179160295873",4464.3,3135455.52
Departamento,Mexico|Puebla|Puebla de Zaragoza,"18.604357295118568,-98.81896693357224",66.4,"$31,223.61"
Apartment,Mexico|Quintana Roo|Cancun,"19.056871716815266,-88.47769940286709",,250912.81
Apartamento,Mexico|Yucatan|Merida,"21.281230275450067,-89.37927247698936",-83.4,229220.57
Apartamento,Mexico|Distrito Federal|Cuauhtemoc,"18.80917596697593,-99.48922876516875",136.6,169877.86
Land,Mexico|Baja California|Ensenada,"31.25805734726612,-115.34858152024972",172.6,132072.65
house,Mexico|Sonora|Hermosillo,"28.499263781787427,-110.887596335375",142.7,169559.09
land,Mexico|Chiapas|Tuxtla Gutierrez,"16.062190791654704,-92.7508109587552",180.6,215753.44
townhouse,Mexico|Oaxaca|Puerto Escondido,"17.170879213476404,-95.96638269237071",240.8,426091.73
house,Mexico|Guanajuato|Leon,"20.694467696019224,-100.47574804926127",93.4,
villa,Mexico|Puebla|Atlixco,"19.453443827309957,-97.51507567745098",327.1,237691.39
HOUSE,Mexico|Puebla|Puebla de Zaragoza,"18.274296314502976,-97.45073943586019",192.3,72707.03
,Mexico|Yucatan|Merida,"20.52995530506461,-89.30365451952296",157.2,150122.75
,Mexico|Nuevo Leon|San Pedro Garza Garcia,"25.962598081678763,-100.17393014059603",391.6,599756.64
Villa,Mexico|Distrito Federal|Miguel Hidalgo,"18.804640715649935,-99.1083962160801",177.9,294912.24
Condo,Mexico|Distrito Federal|Cuauhtemoc,,266.8,294569.45
,Mexico|Puebla|Atlixco,"18.70363328571101,-98.57478920720811",272.8,
,Mexico|Quintana Roo|Cancun,"19.90546815255195,-88.91329434549893",192.8,161028.84
,Mexico|Puebla|Puebla de Zaragoza,"18.287343973513302,-98.68304221835427",109.6,195504.78
Terreno,Mexico|Chiapas|San Cristobal de las Casas,"16.470890892322068,-93.74259263731116",61.4,59473.0
house,Mexico|Coahuila|Monclova,"27.579260949766347,-101.69211994655046",276.9,386288.26
Casa,Mexico|Yucatan|Progreso,"20.78213367013796,-89.73513496646662",193.6,119534.66
villa,Mexico|Chiapas|San Cristobal de las Casas,"17.346245791489714,-92.4045526096356",360.4,"$351,404.93"
apartment,Mexico|Yucatan|Valladolid,"20.72266432190221,-88.37406052357203",374.5,
Casa,Mexico|Oaxaca|Puerto Escondido,,240.1,362685.17
HOUSE,Mexico|Nuevo Leon|Apodaca,"25.276688752520222,-100.26780839755149",371.9,598124.33
Apartamento,Mexico|Baja California|Rosarito,"30.65127050458522,-115.87450577458075",170.5,84609.4
House,Mexico|Coahuila|Monclova,"27.56121111662748,-101.56827207072494",166.1,229136.6
apartment,Mexico|Nuevo Leon|Monterrey,"25.394405852681963,-99.9201794164611",249.6,341495.16
Casa,Mexico|Puebla|Atlixco,"19.73771674069475,-98.4856230012935",425.0,735153.03
Villa,Mexico|Michoacan|Morelia,"18.94905397370564,-101.62292465987346",353.1,583666.0
apartment,Mexico|Puebla|Puebla de Zaragoza,"19.3781859235648,-98.70595803044661",301.6,279126.66
Townhouse,Mexico|Quintana Roo,"18.832802396694422,-87.98486505266862",433.2,459845.75
Townhouse,Mexico|Sonora|Hermosillo,"29.130648024444465,-109.95479556679558",137.3,152440.58
Villa,Mexico|Michoacan|Morelia,"19.869169027855946,-101.72350636326615",398.7,177551.23
villa,Mexico|Coahuila|Saltillo,"27.411471069766296,-102.1998828877787",71.9,"$71,073.09"
,Mexico|Chihuahua|Chihuahua,"28.708996538860802,-105.5118663197748",343.9,292812.59
townhouse,Mexico|Oaxaca|Huatulco,"17.133319953978614,-97.06570843708485",37.2,17717.17
Departamento,Mexico|Michoacan|Uruapan,"20.26708461012498,-100.91848894515914",206.0,330512.28
,Mexico|Guanajuato|Celaya,"21.802937357426238,-100.60618311042205",243.6,121437.86
Condo,Mexico|Distrito Federal|Cuauhtemoc,"19.162137231570316,-99.85218247261783",271.0,168842.9
Departamento,Mexico|Baja California|Mexicali,"31.327873068199565,-115.96105756338584",224.4,172205.14
Condo,Mexico|Jalisco|Guadalajara,"21.27444203931801,-103.82335068003776",295.9,325162.31
House,Mexico|Chiapas|San Cristobal de las Casas,"17.34294141123605,-93.55922143611615",178.4,83580.08
HOUSE,Mexico|Coahuila|Saltillo,"26.78543586809466,-101.84420641505831",447.9,668830.7
,Mexico|Chihuahua|Chihuahua,"28.383770153977757,-105.29837752518058",81.0,133311.74
condo,Mexico|Guanajuato|Irapuato,"21.318445198970267,-101.41434151350191",229.5,281875.43
townhouse,Mexico|Yucatan|Progreso,,431.6,663831.0
Townhouse,Mexico|Chihuahua|Delicias,"28.883871964884317,-105.7634868566659",221.0,86300.23
Terreno,Mexico|Distrito Federal|Tlalpan,"19.605822237274133,-98.94210764867209",438.3,216898.8
,Mexico|Nuevo Leon|Guadalupe,"25.62618615992894,-99.3085260377343",415.5,612507.63
Terreno,Mexico|Veracruz|Veracruz,"19.22913629563562,-95.53975625120724",153.9,61895.8
Villa,Mexico|Baja California|Mexicali,"30.736675871279594,-115.11119823484468",340.4,374198.1
House,Mexico|Puebla|Atlixco,"18.876207679055963,-98.07480943931587",191.6,"$95,229.01"
House,Mexico|Chihuahua,"28.10332381564045,-106.22514515437506",146.9,251971.78
,Mexico|Jalisco|Tlaquepaque,"21.31646102609504,-102.85017206632844",262.9,10095288.67
Townhouse,Mexico|Coahuila|Torreon,"27.661862929631187,-101.20766757830324",199.4,74133.89
,Mexico|Chihuahua|Ciudad Juarez,"28.664141737018728,-105.74146327048558",276.4,379012.34
Condo,Mexico|Coahuila|Monclova,"27.318056223582502,-102.46458329792424",85.0,96597.27
Apartamento,Mexico|Sonora|Hermosillo,"29.25953190503138,-110.23471507383238",66.0,"$63,769.94"
,Mexico|Quintana Roo|Tulum,"18.642116802638963,-88.59336473637244",433.6,"$202,885.40"
Terreno,Mexico|Oaxaca|Huatulco,"17.045613769491528,-97.33803636871849",309.1,489085.59
villa,Mexico|Sonora|Hermosillo,"28.72070480798867,-110.6834725261133",341.9,585481.94
,Mexico|Quintana Roo|Cancun,"18.900315901318145,-88.76459718675947",367.5,504405.51
HOUSE,Mexico|Yucatan|Progreso,"20.424040759492563,-89.57491007629426",314.1,144679.23
,Mexico|Nuevo Leon|Monterrey,"25.546065560337546,-99.26714715064723",297.2,203566.86
Apartment,Mexico|Yucatan|Progreso,"20.18688962304843,-88.8067181823216",179.5,
Condo,Mexico|Guanajuato|Leon,"21.486549578536096,-101.33621687258683",249.0,180159.02
Villa,Mexico|Michoacan|Patzcuaro,"19.46791875181097,-101.16687038394517",130.8,190804.94
HOUSE,Mexico|Jalisco|Tlaquepaque,"20.810112747427365,-103.82257845318374",94.9,126974.65
House,Mexico|Veracruz|Coatzacoalcos,"19.491456403240154,-96.29842661365743",3365.5,
HOUSE,Mexico|Guanajuato|San Miguel de Allende,"20.820353714080742,-101.16265964612595",170.7,81088.06
Terreno,Mexico|Nuevo Leon|Guadalupe,"25.57170375791733,-99.8429403018481",290.1,297596.89
townhouse,Mexico|Nuevo Leon|Apodaca,"26.243755363570898,-99.40217030368146",61.7,64626.21
condo,Mexico|Sonora|Ciudad Obregon,"29.294797200919113,-110.59202959017026",221.4,10909884.15
House,Mexico|Oaxaca|Oaxaca de Juarez,"17.536916913942683,-96.89900776536545",52.5,68161.99
House,Mexico|Oaxaca|Huatulco,"999.99,-999.99",138.8,182036.35
apartment,Mexico|Veracruz|Coatzacoalcos,"18.376364280320278,-96.91044961852074",290.6,6038429.95
Departamento,Mexico|Oaxaca|Puerto Escondido,"17.68112252295372,-97.24991488989701",89.4,"$110,108.69"
condo,Mexico|Michoacan|Uruapan,"19.758046947862695,-101.62295183403751",153.2,208999.32
apartment,Mexico|Nuevo Leon|Monterrey,"25.394405852681963,-99.9201794164611",249.6,341495.16
land,Mexico|Jalisco|Guadalajara,"20.385504022831263,-104.11318141010733",177.0,163583.63
condo,Mexico|Chihuahua|Chihuahua,"28.7188871569425,-106.47200396445139",155.2,
villa,Mexico|Baja California|Mexicali,"30.53765026275812,-114.68503175754688",125.7,164848.65
Villa,Mexico|Chihuahua|Chihuahua,"28.66820830853541,-106.5314671039509",299.2,236425.76
Terreno,Mexico|Quintana Roo|Cozumel,"19.05156815284741,-88.71085828659325",369.8,111688.28
,Mexico|Jalisco|Tlaquepaque,"20.02819503746825,-103.87132109564864",137.4,199093.82
Townhouse,Mexico|Puebla|Cholula,"18.52748371293858,-98.60880989039845",139.2,184643.64
Condo,Mexico|Veracruz|Xalapa,"18.409030774887572,-95.59889169807961",,94671.66
,Mexico|Puebla|Atlixco,"18.399679018578553,-98.30937517453302",179.7,57165.02
Casa,Mexico|Yucatan|Merida,"21.492427849493218,-89.05823987755043",43.7,45640.15
house,Mexico|Sonora|Hermosillo,"29.184830249981744,-110.22790597972936",330.9,492315.42
Land,Mexico|Veracruz|Veracruz,"19.871449813811164,-96.22755388433609",,127998.67
,Mexico|Distrito Federal|Cuauhtemoc,"18.649460906354932,-98.54857800315332",385.2,535183.27
Terreno,Mexico|Chiapas|San Cristobal de las Casas,"17.134007754105617,-93.28171221849553",176.7,214541.55
Casa,Mexico|Jalisco|Puerto Vallarta,"20.025236944018015,-103.40707016717376",163.1,255576.7
Condo,Mexico|Veracruz|Xalapa,"19.587508058761497,-96.55577165545017",74.7,24237.04
,Mexico|Sonora|Ciudad Obregon,"29.44273810384955,-109.78853042902239",255.8,"$147,722.41"
Departamento,Mexico|MICHOACAN|uruapan,"999.99,-999.99",273.2,365493.2
apartment,Mexico|Oaxaca|Puerto Escondido,"17.663470098970777,-97.01596675513419",291.8,8297475.73
,Mexico|Guanajuato|Leon,"20.290468205537067,-101.70512915654585",214.0,375669.26
house,Mexico|Chihuahua|Ciudad Juarez,"28.071412072127757,-106.14441516313188",160.6,92015.11
townhouse,Mexico|Jalisco|Guadalajara,"20.910685305014958,-103.01918025367642",318.3,228977.14
condo,Mexico|Oaxaca|Oaxaca de Juarez,"16.349610166530486,-96.70846217272334",156.2,60333.8
townhouse,Mexico|Baja California|Mexicali,"31.3244753254904,-115.19823404644919",382.6,662236.28
,Mexico|Chiapas|San Cristobal de las Casas,"16.880313622110794,-92.40182938111464",294.2,165470.27
condo,Mexico|Sonora|Ciudad Obregon,"999.99,-999.99",308.0,136856.03
condo,Mexico|Nuevo Leon|Apodaca,"25.807371512576463,-100.21397115522905",142.1,142199.03
House,Mexico|Michoacan|Morelia,"19.28820036579274,-102.34285025683664",292.9,282179.09
land,Mexico|Oaxaca|Huatulco,"16.344119521843844,-97.41138736319432",64.1,22995.0
House,Mexico|Michoacan|Patzcuaro,"19.97891981101011,-101.12443539401639",150.9,240219.79
Departamento,Mexico|Yucatan|Valladolid,"21.094065877102828,-88.31274717967709",391.9,361411.21
land,Mexico|Chihuahua|Chihuahua,"29.139452959068922,-106.14971148739588",260.6,173471.72
,Mexico|MICHOACAN|patzcuaro,"19.727004212353048,-101.30108918946836",184.9,230243.72
Apartamento,Mexico|Sonora|Ciudad Obregon,"29.88292266441581,-110.77710497368105",77.0,127353.12
Terreno,Mexico|Baja California|Ensenada,"30.613574290884916,-115.66754980480394",158.5,149342.99
Apartment,Mexico|Sonora|Hermosillo,"28.915528769057694,-110.74523810399143",151.8,196172.9
villa,Mexico|Nuevo Leon|Apodaca,"25.599997132175346,-99.89483736463953",4372.2,5233484.78
Terreno,Mexico|Coahuila|Torreon,"27.08700402293288,-101.24513618375727",208.4,"$195,517.81"
,,"21.017100362136713,-100.57573974718032",114.7,191984.43
house,Mexico|Yucatan|Valladolid,"20.237801862428483,-88.7388241025338",409.2,695151.99
Villa,Mexico|Puebla|Cholula,"18.82041235343569,-97.57391995062684",350.3,205681.74
Townhouse,Mexico|Veracruz|Veracruz,"19.35025056983428,-95.84876400588374",292.5,251694.68
Apartamento,Mexico|Chihuahua|Delicias,"28.013730850829862,-106.05178709654294",158.7,278938.57
villa,,"17.552147774415293,-97.17769144206432",,226263.29
Casa,Mexico|Oaxaca|Oaxaca de Juarez,"17.581385728050805,-96.39834522032767",186.0,206611.3
House,Mexico|Quintana Roo|Playa del Carmen,"18.778353625273063,-87.93371378597907",311.9,143652.37
Condo,Mexico|Distrito Federal|Iztapalapa,"18.7373972706046,-98.87896793187328",304.1,155121.3
villa,,"29.5599061130628,-110.63308929623537",263.5,288273.49
Condo,Mexico|Jalisco|Puerto Vallarta,"20.888911528452258,-103.94737224680034",218.4,389750.32
house,Mexico|Coahuila|Monclova,"26.989588412150958,-102.40144345955626",327.9,441139.59
Departamento,Mexico|Puebla|Puebla de Zaragoza,"18.90374507122258,-98.23564764547612",320.2,306221.0
,Mexico|QUINTANA ROO|cozumel,"19.46742976616525,-89.01946080759765",121.4,192327.23
Townhouse,Mexico|Quintana Roo,"18.832802396694422,-87.98486505266862",433.2,459845.75
Villa,Mexico|Nuevo Leon|Apodaca,"24.905490294556007,-100.40222251186664",315.3,257791.64
townhouse,Mexico|Jalisco|Zapopan,"20.932194853801455,-103.72768210334559",306.6,314612.44
Terreno,Mexico|Distrito Federal|Iztapalapa,"19.560761284216,-98.90611042986592",-427.1,278983.0
Apartamento,Mexico|Guanajuato|Leon,"20.611275734075313,-100.79799027894913",168.8,79077.65
apartment,Mexico|JALISCO|puerto vallarta,"19.97897489179719,-102.67534969704143",428.6,735648.2
villa,,"28.23868417666841,-105.96944350043776",420.8,638123.74
apartment,Mexico|Baja California|Tijuana,"30.39261307948322,-115.2872883469388",254.8,446805.53
Departamento,Mexico|Sonora|Ciudad Obregon,"28.832740414431413,-110.19605023653271",,226887.91
Condo,Mexico|Michoacan|Uruapan,"19.102530688374173,-101.97483080075908",447.0,186479.08
house,Mexico|Jalisco|Zapopan,"20.82425256952071,-103.48865756515134",284.6,"$306,108.88"
land,Mexico|PUEBLA|atlixco,"18.26110577130387,-98.99647459547688",338.5,524647.63
land,Mexico|Sonora|Hermosillo,"29.132144360927683,-109.80204131035269",145.8,169344.62
,Mexico|Nuevo Leon|Apodaca,"25.401898418732852,-100.57889421430347",408.5,514975.73
Terreno,Mexico|Distrito Federal|Iztapalapa,"18.750460366139006,-99.2162532139745",188.1,149311.63
Departamento,Mexico|Baja California|Rosarito,"30.328606797903436,-115.26949211771883",265.8,
,Mexico|Chiapas|Tuxtla Gutierrez,"16.264142005737575,-93.2613319990178",398.1,205088.04
Townhouse,Mexico|Nuevo Leon|San Pedro Garza Garcia,"25.29318511437083,-99.7558938271611",308.2,362845.56
Casa,Mexico|Baja California|Mexicali,"30.058663317310284,-115.62676925294777",155.4,7459318.18
apartment,Mexico|Yucatan|Valladolid,"21.407799033976257,-89.42962215320773",211.9,163065.31
house,Mexico|Michoacan|Morelia,"19.63210232790592,-101.00581709775379",158.2,
apartment,Mexico|Distrito Federal|Coyoacan,"20.125693715912846,-98.34291136749134",106.1,91101.23
house,Mexico|Chihuahua,"28.15155670565406,-106.70340350345815",178.0,119678.93
Condo,Mexico|Michoacan|Patzcuaro,"19.883031967289103,-102.32521638707166",346.9,443336.06
Departamento,Mexico|Distrito Federal|Coyoacan,"19.000589760834238,-98.74677887627215",4156.2,3257338.37
Villa,Mexico|Jalisco|Guadalajara,"20.03092426190046,-103.5427628931411",375.8,644275.1
Terreno,Mexico|Distrito Federal|Tlalpan,"19.764562070281336,-99.42099413948151",329.0,109617.56
,Mexico|Veracruz|Xalapa,"19.791539428900904,-95.89979412679394",6999.9,"$6,705,060.65"
villa,Mexico|Distrito Federal|Cuauhtemoc,"19.272495497728784,-98.6579007455544",382.7,520987.98
house,Mexico|Baja California|Mexicali,"30.367986187201957,-115.19973178586814",311.7,446158.8
Townhouse,Mexico|Coahuila|Torreon,"26.808094385487664,-101.42935114027821",150.5,"$159,635.78"
Apartment,Mexico|Veracruz|Coatzacoalcos,"18.771849371678236,-96.17906977412513",433.0,255070.37
condo,Mexico|Oaxaca|Huatulco,"17.50170746927672,-95.9421090442558",447.8,289127.4
townhouse,Mexico|Michoacan|Patzcuaro,"19.646738447442115,-101.34426873290064",200.1,84773.32
Casa,Mexico|Chihuahua|Ciudad Juarez,"28.6020934561242,-105.3160261298157",219.9,"$384,813.80"
condo,Mexico|SONORA|hermosillo,"29.809329971512646,-109.63652749410788",137.2,195077.9
townhouse,Mexico|Veracruz|Veracruz,"19.017949718479734,-96.79638570253769",-71.3,244031.04
HOUSE,Mexico|Coahuila|Monclova,"27.81964554464159,-101.98202016441677",196.9,148692.58
condo,Mexico|Michoacan|Patzcuaro,"19.62232338318852,-102.33505818442187",239.1,267611.59
condo,Mexico|Puebla|Cholula,"19.17785272566725,-97.99839861164253",388.8,"$634,100.21"
house,Mexico|Nuevo Leon|Monterrey,"25.35786413008344,-100.56425311370224",305.1,204682.44
Apartamento,Mexico|Veracruz|Coatzacoalcos,"18.875043194383732,-96.6902796375128",402.7,"$174,512.33"
HOUSE,Mexico|Distrito Federal|Iztapalapa,"19.605826607779502,-98.59748258584555",183.9,158687.22
house,Mexico|Baja California|Rosarito,"30.17419350415885,-114.86955472156812",,453488.36
Terreno,Mexico|Chihuahua|Delicias,"27.897171379287602,-106.84506261706102",,117215.63
House,Mexico|Nuevo Leon,"24.841765981145397,-99.93170869556052",-409.1,311956.49
